relative_path,company,company_id,report_category,report_period,version,format,size_bytes,sha256,verification
reports/other-financial/2026/Advanced_Micro_Devices_Inc_2026_Q2_季度财务报表_a9ae604fd4da.pdf,"Advanced Micro Devices, Inc.","advanced micro devices, inc.",其他财报,2026 Q2,季度财务报表,PDF,300163,a9ae604fd4daaf45f2ca5f71471e84155fa9917523c270d9d57ac7fe27fdd896,已核验：正文首页/前4页
reports/other-financial/2026/Advanced_Micro_Devices_Inc_2026财年Q2(截至2026-06-27)_98b891eb86e2.html,"Advanced Micro Devices, Inc.","advanced micro devices, inc.",其他财报,2026财年Q2（截至2026-06-27）,完整保存的正式HTML,HTML,453186,98b891eb86e2a1fb917abc4decca68e6ea979196fd02d189c47f39b4775893ec,已确认（正文核验）
reports/other-financial/2026/Intel_Corporation_2026_Q2_季度业绩公告_ba0f95f6d91f.pdf,Intel Corporation,intel corporation,其他财报,2026 Q2,季度业绩公告,PDF,144391,ba0f95f6d91f6b858c0c586934486d4bb90786a25623934c729335550bd97cc4,已核验：正文前9页
reports/other-financial/2026/Intel_Corporation_2026财年Q2(截至2026-06-27)_38e839c938a0.html,Intel Corporation,intel corporation,其他财报,2026财年Q2（截至2026-06-27）,完整保存的正式HTML,HTML,353425,38e839c938a06bbd628ab3c9497d86765ae895c9907419b57737c385ede72afb,已确认（正文核验）
reports/other-financial/2027/NVIDIA_Corporation_2027财年Q2(截至2026-07-26)_282f517583f2.html,NVIDIA Corporation,nvidia corporation,其他财报,2027财年Q2（截至2026-07-26）,完整保存的正式HTML,HTML,370603,282f517583f249b35d4e497b64c8370439b42034e31fc0f31481753740e73c70,已确认（正文核验）
reports/other-financial/2016/TTC_T_LLC_2016年度_2017年度_2018年度_多年度审计报告及财务报表_1e0dd87bbb09.pdf,TTC&T LLC,ttc&t llc,其他财报,2016年度、2017年度、2018年度,多年度审计报告及财务报表,PDF,5274488,1e0dd87bbb09c25e1f4197a4643c6928db1704136a2c2321e92170982d0c7f13,已核验：扫描PDF视觉检查
reports/other-financial/2017/内蒙古满都拉港务商贸有限公司_2017年度_2018年度_多年度审计报告及财务报表_6de03b93dc7f.pdf,内蒙古满都拉港务商贸有限公司,内蒙古满都拉港务商贸有限公司,其他财报,2017年度、2018年度,多年度审计报告及财务报表,PDF,10048593,6de03b93dc7f45c1c6ff3b441c7ba1d460193221e2db187445f80315f9697c06,已核验：扫描PDF视觉检查
reports/other-financial/2020/北奔重汽集团进出口有限公司_2020年1月至4月_独立审计报告及财务报表_d6c5481a2f1b.pdf,北奔重汽集团进出口有限公司,北奔重汽集团进出口有限公司,其他财报,2020年1月至4月,独立审计报告及财务报表,PDF,2939805,d6c5481a2f1b19cfa880675d596f7354f8b29d51adf2a70a22391d79319b4846,已核验：扫描PDF视觉检查
reports/other-financial/2018/北方国际合作股份有限公司_2018_独立财务报表_财務审计报告_59c83501650e.pdf,北方国际合作股份有限公司,CN:000065,其他财报,2018,独立财务报表/财務审计报告,PDF,5227869,59c83501650ea216a4e62607a5f0359a62a7522d27d1cc0f6316c0d1740b6f98,已核验：正文首页/前4页
reports/other-financial/2019/北方国际合作股份有限公司_2019_独立财务报表_财務审计报告_27b449b6bedb.pdf,北方国际合作股份有限公司,CN:000065,其他财报,2019,独立财务报表/财務审计报告,PDF,6166351,27b449b6bedbd7b4f88ef3f43563c7e4a6dd9c63d52aad18381fda4783bd08b9,已核验：正文首页/前4页
reports/other-financial/2019/北方国际合作股份有限公司_2019_H1_独立财务报表_财務审计报告_2fdfa921567a.pdf,北方国际合作股份有限公司,CN:000065,其他财报,2019 H1,独立财务报表/财務审计报告,PDF,4994672,2fdfa921567acbbe76ed660e2472cb4d6b19c01e22c0c18957d558b2e3983585,已核验：正文首页/前4页
reports/other-financial/2020/北方国际合作股份有限公司_2020_独立财务报表_财務审计报告_9839b9423230.pdf,北方国际合作股份有限公司,CN:000065,其他财报,2020,独立财务报表/财務审计报告,PDF,1064656,9839b942323073b682516fec811c0d36b6142e6f450973861e167be09909df48,已核验：正文首页/前4页
reports/other-financial/2020/北方国际合作股份有限公司_2020_H1_独立财务报表_财務审计报告_f8c685c2e06b.pdf,北方国际合作股份有限公司,CN:000065,其他财报,2020 H1,独立财务报表/财務审计报告,PDF,6169627,f8c685c2e06bee6a614636a35dc7c54de0b5db6e2bfa109277bfa482f9933626,已核验：正文首页/前4页
reports/other-financial/2020/北方国际合作股份有限公司_2020_H1_独立财务报表_财務审计报告_56b83f6d67d9.pdf,北方国际合作股份有限公司,CN:000065,其他财报,2020 H1,独立财务报表/财務审计报告,PDF,1749071,56b83f6d67d9e9f4201a30c2904d4b988c2f629de05bc9258896cd1a34bda98f,已核验：正文首页/前4页
reports/other-financial/2020/北方国际合作股份有限公司_2020_Q3_独立财务报表_财務审计报告_f61d2d4d4b72.pdf,北方国际合作股份有限公司,CN:000065,其他财报,2020 Q3,独立财务报表/财務审计报告,PDF,1015821,f61d2d4d4b72409c8d665a4c9681a86c96a0b58cb4c6970cd9dc1649a332f347,已核验：正文首页/前4页
reports/other-financial/2020/北方国际合作股份有限公司_2020年度_独立年度审计报告及财务报表_0ddd1afeae78.pdf,北方国际合作股份有限公司,CN:000065,其他财报,2020年度,独立年度审计报告及财务报表,PDF,8497578,0ddd1afeae780c29c5ac38e980452c2ef7e86ea4d62222966641b037bc9d2561,已核验：扫描PDF视觉检查
reports/other-financial/2021/北方国际合作股份有限公司_2021_H1_独立财务报表_财務审计报告_d8cc5a119e0e.pdf,北方国际合作股份有限公司,CN:000065,其他财报,2021 H1,独立财务报表/财務审计报告,PDF,2738175,d8cc5a119e0e7087df94eb6cb31146df783eb8c953c30fc1b56fcaf876431cbc,已核验：正文首页/前4页
reports/other-financial/2021/北方国际合作股份有限公司_2021_H1_独立财务报表_财務审计报告_330779e46868.pdf,北方国际合作股份有限公司,CN:000065,其他财报,2021 H1,独立财务报表/财務审计报告,PDF,815402,330779e468682a3be803660becbefff409d16ce74cef561a3958457e84c18639,已核验：正文首页/前4页
reports/other-financial/2021/北方国际合作股份有限公司_2021年度_独立年度审计报告及财务报表_33a1cb409783.pdf,北方国际合作股份有限公司,CN:000065,其他财报,2021年度,独立年度审计报告及财务报表,PDF,1393956,33a1cb409783279cd9ade7a08827355eaf4fb06022d2c6d1c7d6e9234710f096,已核验：扫描PDF视觉检查
reports/other-financial/2022/北方国际合作股份有限公司_2022_独立财务报表_财務审计报告_cf42d84e2e63.pdf,北方国际合作股份有限公司,CN:000065,其他财报,2022,独立财务报表/财務审计报告,PDF,3147985,cf42d84e2e63c1316996a878d466c0ded81fffd8b507d4c7c2725ac93755bb55,已核验：正文首页/前4页
reports/other-financial/2022/北方国际合作股份有限公司_2022_H1_独立财务报表_财務审计报告_1ec0beac5d3a.pdf,北方国际合作股份有限公司,CN:000065,其他财报,2022 H1,独立财务报表/财務审计报告,PDF,3448752,1ec0beac5d3ac0a2992a523101267779dc5d45125f29d8780d5a5f3e300f22ec,已核验：正文首页/前4页
reports/other-financial/2022/北方国际合作股份有限公司_2022_H1_独立财务报表_财務审计报告_565fb6b154c6.pdf,北方国际合作股份有限公司,CN:000065,其他财报,2022 H1,独立财务报表/财務审计报告,PDF,955004,565fb6b154c6def3a6ffa6797f4458c2bc10864284ef89efaa5b45a7f9e51ace,已核验：正文首页/前4页
reports/other-financial/2023/北方国际合作股份有限公司_2023_H1_独立财务报表_财務审计报告_6f51228767b8.pdf,北方国际合作股份有限公司,CN:000065,其他财报,2023 H1,独立财务报表/财務审计报告,PDF,2879222,6f51228767b828e8d4e2782243aa57ef291edb2e398be984d0a96dd401e725c7,已核验：正文首页/前4页
reports/other-financial/2023/北方国际合作股份有限公司_2023_H1_独立财务报表_财務审计报告_36a2d03ea44b.pdf,北方国际合作股份有限公司,CN:000065,其他财报,2023 H1,独立财务报表/财務审计报告,PDF,906507,36a2d03ea44b1074f2d63f3d3e134d9d9a4158a9e36aa0b2f8d7a32fcfa69e2c,已核验：正文首页/前4页
reports/other-financial/2023/北方国际合作股份有限公司_2023年度_独立年度审计报告及财务报表_04f9e3c3be6f.pdf,北方国际合作股份有限公司,CN:000065,其他财报,2023年度,独立年度审计报告及财务报表,PDF,10907656,04f9e3c3be6fde18b5d12466227021538af65106ea2fe4dd993e9c44bfab9a2d,已核验：扫描PDF视觉检查
reports/other-financial/2024/北方国际合作股份有限公司_2024_独立财务报表_财務审计报告_c7a220a21a39.pdf,北方国际合作股份有限公司,CN:000065,其他财报,2024,独立财务报表/财務审计报告,PDF,3196924,c7a220a21a39fc3b9dccc294653b5bff0db90e0b83dcff88b97d51426c4278eb,已核验：正文首页/前4页
reports/other-financial/2024/北方国际合作股份有限公司_2024_H1_独立财务报表_财務审计报告_e3e575aa3024.pdf,北方国际合作股份有限公司,CN:000065,其他财报,2024 H1,独立财务报表/财務审计报告,PDF,3167569,e3e575aa30240456963e8039e0887baab540f9049f78db6d327209f79e2b822b,已核验：正文首页/前4页
reports/other-financial/2024/北方国际合作股份有限公司_2024_H1_独立财务报表_财務审计报告_76473edd8003.pdf,北方国际合作股份有限公司,CN:000065,其他财报,2024 H1,独立财务报表/财務审计报告,PDF,810863,76473edd800335a37f4bb12a28b652132f74a2ff7abb00440133798035580294,已核验：正文首页/前4页
reports/other-financial/2024/北方国际合作股份有限公司_2024年度_2025年上半年_多期间正式财务报告合集_56a92f160d61.pdf,北方国际合作股份有限公司,CN:000065,其他财报,2024年度；2025年上半年,多期间正式财务报告合集,PDF,37676389,56a92f160d614da7433c80500ce614a1b1628109ee783b0aa8d07b77b07db317,已核验：扫描PDF视觉检查
reports/other-financial/2024/北方国际合作股份有限公司_2024年度_2025年第一季度_多期间正式财务报告合集_2e4f721faa14.pdf,北方国际合作股份有限公司,CN:000065,其他财报,2024年度；2025年第一季度,多期间正式财务报告合集,PDF,53385266,2e4f721faa14ed05caa258a00b6ebdf235889a5cf5b8c95d1598d1652121f815,已核验：扫描PDF视觉检查
reports/other-financial/2025/北方国际合作股份有限公司_2025_独立财务报表_财務审计报告_81df72c6994c.pdf,北方国际合作股份有限公司,CN:000065,其他财报,2025,独立财务报表/财務审计报告,PDF,7013704,81df72c6994cf04f5fe44a16165f289c20c433143f04e6ee49428304d02f79b1,已核验：正文首页/前4页
reports/other-financial/2025/北方国际合作股份有限公司_2025_H1_独立财务报表_财務审计报告_6d5127fc561d.pdf,北方国际合作股份有限公司,CN:000065,其他财报,2025 H1,独立财务报表/财務审计报告,PDF,148002,6d5127fc561d3dd89fd2c6920ac20771168023dfdf92ed16adbb6b63a87d758c,已核验：正文首页/前4页
reports/other-financial/2025/北方国际合作股份有限公司_2025_H1_独立财务报表_财務审计报告_153527eb5b5d.pdf,北方国际合作股份有限公司,CN:000065,其他财报,2025 H1,独立财务报表/财務审计报告,PDF,148002,153527eb5b5d99228eadc9660a89f37b1a0780de3dc90dfe36f0eb9d10950ae9,已核验：正文首页/前4页
reports/other-financial/2025/鴻騰六零八八精密科技股份有限公司_2025_全年业绩公告_ab2ce85dfb78.pdf,鴻騰六零八八精密科技股份有限公司,鴻騰六零八八精密科技股份有限公司,其他财报,2025,全年业绩公告,PDF,268693,ab2ce85dfb781020ac88d7c440538758076b9dcc4a48451ba8d9fddef96056d5,已核验：正文首页/前4页
reports/semiannual/2026/中科寒武纪科技股份有限公司_2026_H1_eda895e90e5b.pdf,中科寒武纪科技股份有限公司,CN:688256,半年报,2026 H1,未标特别版本,PDF,1204460,eda895e90e5bbc9976bce9e949b6d0e9aabdc33343c26dfa8b6aed0ed2e4a4b0,已核验：标题页/前4页
reports/semiannual/2019/北方国际合作股份有限公司_2019_H1_daf3753640c1.pdf,北方国际合作股份有限公司,CN:000065,半年报,2019 H1,未标特别版本,PDF,5468481,daf3753640c1a35f7699899300cd97387bde981dff8eac19f061298ddcb90bb8,已核验：正文首页/前4页
reports/semiannual/2019/北方国际合作股份有限公司_2019_H1_正式报告摘要_c153a876db5d.pdf,北方国际合作股份有限公司,CN:000065,半年报,2019 H1,正式报告摘要,PDF,250207,c153a876db5d35fc1bd2dbe5a940a4c176459c9b5bada6e6e7fedc12a3e5d845,已核验：正文首页/前4页
reports/semiannual/2020/北方国际合作股份有限公司_2020_H1_025f8018fae2.pdf,北方国际合作股份有限公司,CN:000065,半年报,2020 H1,未标特别版本,PDF,7375448,025f8018fae26f9b3e09b1bde35f2766b809613d65ec92a7d916ce9412d86599,已核验：正文首页/前4页
reports/semiannual/2020/北方国际合作股份有限公司_2020_H1_正式报告摘要_44a5610e363b.pdf,北方国际合作股份有限公司,CN:000065,半年报,2020 H1,正式报告摘要,PDF,509204,44a5610e363b379fb083524a846873858c328a3ee7c46d6877f9a09d973adf41,已核验：正文首页/前4页
reports/semiannual/2021/北方国际合作股份有限公司_2021_H1_2126bdeb4c19.pdf,北方国际合作股份有限公司,CN:000065,半年报,2021 H1,未标特别版本,PDF,3556813,2126bdeb4c19ab596f7edf1dba5cbc9c0a61110d14115dcacbb162cff0f2e731,已核验：正文首页/前4页
reports/semiannual/2021/北方国际合作股份有限公司_2021_H1_正式报告摘要_f4a723fe9e61.pdf,北方国际合作股份有限公司,CN:000065,半年报,2021 H1,正式报告摘要,PDF,172558,f4a723fe9e614a99f471ef2a90b7a2ab20c8262cc334d5da34e32eefc67c1ec0,已核验：正文首页/前4页
reports/semiannual/2022/北方国际合作股份有限公司_2022_H1_5bd20b613fa2.pdf,北方国际合作股份有限公司,CN:000065,半年报,2022 H1,未标特别版本,PDF,4831134,5bd20b613fa2f52632a173858501ab51be8b60b5a3e2ce947bd168d5bb5cf2b4,已核验：正文首页/前4页
reports/semiannual/2022/北方国际合作股份有限公司_2022_H1_正式报告摘要_d91938927dd1.pdf,北方国际合作股份有限公司,CN:000065,半年报,2022 H1,正式报告摘要,PDF,381899,d91938927dd15f3dbd9a1bcdde762932866d78df5ae9678c6be0ab24ac2d90b1,已核验：正文首页/前4页
reports/semiannual/2022/北方国际合作股份有限公司_2022_H1_更正后版本_6da31b362d69.pdf,北方国际合作股份有限公司,CN:000065,半年报,2022 H1,更正后版本,PDF,4894205,6da31b362d690d89563d8b883ac70f04b6a6f9ddb91d0240796473e7d2ab5221,已核验：正文首页/前4页
reports/semiannual/2023/北方国际合作股份有限公司_2023_H1_7afbab2ea61c.pdf,北方国际合作股份有限公司,CN:000065,半年报,2023 H1,未标特别版本,PDF,3386234,7afbab2ea61c1ea3ce3237e7090d980bf1a1bf950d55fee878b24c38693ee69b,已核验：正文首页/前4页
reports/semiannual/2023/北方国际合作股份有限公司_2023_H1_正式报告摘要_d8a0a03f2b7c.pdf,北方国际合作股份有限公司,CN:000065,半年报,2023 H1,正式报告摘要,PDF,197002,d8a0a03f2b7c3de548a88efe9d76f7a1c7132ed4d0dcb64e61dd080dcacd2185,已核验：正文首页/前4页
reports/semiannual/2024/北方国际合作股份有限公司_2024_H1_a259ba5974b1.pdf,北方国际合作股份有限公司,CN:000065,半年报,2024 H1,未标特别版本,PDF,4054260,a259ba5974b11a15fa3ca0bdc040e6181e8adee6db65be54da91db97e018fc40,已核验：正文首页/前4页
reports/semiannual/2024/北方国际合作股份有限公司_2024_H1_正式报告摘要_b0710cca2f3a.pdf,北方国际合作股份有限公司,CN:000065,半年报,2024 H1,正式报告摘要,PDF,213196,b0710cca2f3a803133ca4d61d4a7c147f688101ded47e4f32a6eef3e8ea01ad9,已核验：正文首页/前4页
reports/semiannual/2025/北方国际合作股份有限公司_2025_H1_608ca6c7f1f8.pdf,北方国际合作股份有限公司,CN:000065,半年报,2025 H1,未标特别版本,PDF,3975249,608ca6c7f1f86ed12d0e5c6933e7e630e0c288098ebb713fe083a4660efb234b,已核验：正文首页/前4页
reports/semiannual/2025/北方国际合作股份有限公司_2025_H1_正式报告摘要_b37d91c1e8fe.pdf,北方国际合作股份有限公司,CN:000065,半年报,2025 H1,正式报告摘要,PDF,85005,b37d91c1e8fe036938babe6eb13ffde6080877a2685eca96e9927e1b59691288,已核验：正文首页/前4页
reports/semiannual/2026/摩尔线程智能科技(北京)股份有限公司_2026_H1_9b94e95257cb.pdf,摩尔线程智能科技（北京）股份有限公司,CN:688795,半年报,2026 H1,未标特别版本,PDF,3370631,9b94e95257cba64637d52af9b41e058543c1bb7a7a0fe3e9de87f584e5a9cea3,已核验：标题页/前4页
reports/semiannual/2026/曙光信息产业股份有限公司_2026_H1_4a019403c7a5.pdf,曙光信息产业股份有限公司,CN:603019,半年报,2026 H1,未标特别版本,PDF,1426946,4a019403c7a57174c6c3d8e886320d2f3ce446cb830fbf8f05f85e8bd6fbf54b,已核验：正文首页/前4页
reports/semiannual/2026/沐曦集成电路(上海)股份有限公司_2026_H1_ce45a9aa99d7.pdf,沐曦集成电路（上海）股份有限公司,CN:688802,半年报,2026 H1,未标特别版本,PDF,1327690,ce45a9aa99d7d98af66359c2b1f9877d375e4a8381fad069a17ce10e9d761221,已核验：标题页/前4页
reports/semiannual/2026/浪潮电子信息产业股份有限公司_2026_H1_396f017d7ee3.pdf,浪潮电子信息产业股份有限公司,CN:000977,半年报,2026 H1,未标特别版本,PDF,3202217,396f017d7ee363ae37f79a4eb5a3fece5a9789f3ee317b828c58a6f19139b0a6,已核验：标题页/前4页
reports/semiannual/2026/海光信息技术股份有限公司_2026_H1_38e0177906a2.pdf,海光信息技术股份有限公司,CN:688041,半年报,2026 H1,未标特别版本,PDF,1402674,38e0177906a207432512a988737662ebf57488fd9969847621edcce76af567bf,已核验：正文首页/前4页
reports/semiannual/2026/长沙景嘉微电子股份有限公司_2026_H1_e92c88f303f3.pdf,长沙景嘉微电子股份有限公司,CN:300474,半年报,2026 H1,未标特别版本,PDF,1680309,e92c88f303f381550474329719be6aaddca7b515bff269bd3876e279c5246108,已核验：标题页/前4页
reports/quarterly/2026/Coherent_Corp_2026财年Q3(截至2026-03-31)_cca67e3862dd.htm,Coherent Corp.,coherent corp.,季报,2026财年Q3（截至2026-03-31）,完整保存的正式HTML,HTM,1713864,cca67e3862dda7844c975665bb90e52cb40010327b8ff4bd14ca857bdcc544e5,已确认（正文核验）
reports/quarterly/2026/Intel_Corporation_2026财年Q2(截至2026-06-27)_23bf9b8f45c8.html,Intel Corporation,intel corporation,季报,2026财年Q2（截至2026-06-27）,完整保存的正式HTML,HTML,1716683,23bf9b8f45c8a4412245f9919fcbf124d0aa1af3bd949af671a4cce68fc2acda,已确认（正文核验）
reports/quarterly/2026/Lumentum_Holdings_Inc_2026财年Q3(截至2026-03-28)_d485c8d43138.htm,Lumentum Holdings Inc.,lumentum holdings inc.,季报,2026财年Q3（截至2026-03-28）,完整保存的正式HTML,HTM,2674200,d485c8d431380fc8c2be7c6e2a385301298822d974b61c1df206d573c3f0c91a,已确认（正文核验）
reports/quarterly/2019/北方国际合作股份有限公司_2019_Q1_历史已取消版本_26aa778a10b9.pdf,北方国际合作股份有限公司,CN:000065,季报,2019 Q1,历史已取消版本,PDF,1086489,26aa778a10b975dc4b3e24d43a2e7b56f3e1ad492bf7170cd30b4ac3e3f7e7ea,已核验：正文首页/前4页
reports/quarterly/2019/北方国际合作股份有限公司_2019_Q1_报告正文版本_e5f77b777f61.pdf,北方国际合作股份有限公司,CN:000065,季报,2019 Q1,报告正文版本,PDF,496388,e5f77b777f619e83c20d83306dcddcd19fb2171e6692caf8accc60640175c137,已核验：正文首页/前4页
reports/quarterly/2019/北方国际合作股份有限公司_2019_Q1_更新后版本_8d7e41f9461c.pdf,北方国际合作股份有限公司,CN:000065,季报,2019 Q1,更新后版本,PDF,1575936,8d7e41f9461c02ea8c60dbfbd7cca12d543a550bdb75cb39b9264c317e57f1e0,已核验：正文首页/前4页
reports/quarterly/2019/北方国际合作股份有限公司_2019_Q3_089a3594fc99.pdf,北方国际合作股份有限公司,CN:000065,季报,2019 Q3,未标特别版本,PDF,1756685,089a3594fc999f0868477b03d61bab177050bc5d0b095d0cd37ebb6718ca18d2,已核验：正文首页/前4页
reports/quarterly/2019/北方国际合作股份有限公司_2019_Q3_报告正文版本_528fb659b4c0.pdf,北方国际合作股份有限公司,CN:000065,季报,2019 Q3,报告正文版本,PDF,660164,528fb659b4c09683ae85b0590bd88c6532839e3ca88fbc8f6183f5d59044b504,已核验：正文首页/前4页
reports/quarterly/2020/北方国际合作股份有限公司_2020_Q1_75451c7eaf94.pdf,北方国际合作股份有限公司,CN:000065,季报,2020 Q1,未标特别版本,PDF,1307224,75451c7eaf94c28d37e3e65ff3b78e59ca2c779d1132cf4a402b93a802e7ea37,已核验：正文首页/前4页
reports/quarterly/2020/北方国际合作股份有限公司_2020_Q1_报告正文版本_def235336902.pdf,北方国际合作股份有限公司,CN:000065,季报,2020 Q1,报告正文版本,PDF,524428,def235336902c1d2eb35ec917909bd720cad9380aa9417066c56228646fed82a,已核验：正文首页/前4页
reports/quarterly/2020/北方国际合作股份有限公司_2020_Q3_613937cac0c2.pdf,北方国际合作股份有限公司,CN:000065,季报,2020 Q3,未标特别版本,PDF,2123289,613937cac0c24a4bf70293c4d8cfd02fdcac6f3daa30c7686b425ffb6d1b7d97,已核验：正文首页/前4页
reports/quarterly/2020/北方国际合作股份有限公司_2020_Q3_报告正文版本_d82938d248ef.pdf,北方国际合作股份有限公司,CN:000065,季报,2020 Q3,报告正文版本,PDF,1062457,d82938d248ef1425d1b55eab66a5190c561dfb85fbbb28268fa8720100395dc0,已核验：正文首页/前4页
reports/quarterly/2021/北方国际合作股份有限公司_2021_Q1_e48034c30ae8.pdf,北方国际合作股份有限公司,CN:000065,季报,2021 Q1,未标特别版本,PDF,1098331,e48034c30ae84c21cd4ab5de93c74343fcdab37e6311d56e7ef2c547f5a135b2,已核验：正文首页/前4页
reports/quarterly/2021/北方国际合作股份有限公司_2021_Q1_报告正文版本_0a49789aa0d7.pdf,北方国际合作股份有限公司,CN:000065,季报,2021 Q1,报告正文版本,PDF,670350,0a49789aa0d76cb8d5357d055bc6d6157d89c2133b98d7505741292d3c8ba0da,已核验：正文首页/前4页
reports/quarterly/2021/北方国际合作股份有限公司_2021_Q3_e6945c6e7003.pdf,北方国际合作股份有限公司,CN:000065,季报,2021 Q3,未标特别版本,PDF,642984,e6945c6e700335131b02ab05a5f00c2232e391c37af6564e08e798ddb7fdd44e,已核验：正文首页/前4页
reports/quarterly/2022/北方国际合作股份有限公司_2022_Q1_8b2990af8158.pdf,北方国际合作股份有限公司,CN:000065,季报,2022 Q1,未标特别版本,PDF,546540,8b2990af81582c7c54d2a7c15cc01c56376df7ec3cdfcec44f8c1070509fa6ba,已核验：正文首页/前4页
reports/quarterly/2022/北方国际合作股份有限公司_2022_Q3_06b571a3e32a.pdf,北方国际合作股份有限公司,CN:000065,季报,2022 Q3,未标特别版本,PDF,626488,06b571a3e32a5c453fb0368d826e7cf9d216cf1f0b8bc79407ed07852788e47d,已核验：正文首页/前4页
reports/quarterly/2023/北方国际合作股份有限公司_2023_Q1_f86c376ca093.pdf,北方国际合作股份有限公司,CN:000065,季报,2023 Q1,未标特别版本,PDF,429044,f86c376ca093a2bd12fc8257943e04acba0ef9157806bcdf554bcec67257683f,已核验：正文首页/前4页
reports/quarterly/2023/北方国际合作股份有限公司_2023_Q3_502c9c2cca14.pdf,北方国际合作股份有限公司,CN:000065,季报,2023 Q3,未标特别版本,PDF,461930,502c9c2cca149e08e5e06d959ee15b1c72bace4174e1c94f828007832dd297cb,已核验：正文首页/前4页
reports/quarterly/2024/北方国际合作股份有限公司_2024_Q1_7493e27b264a.pdf,北方国际合作股份有限公司,CN:000065,季报,2024 Q1,未标特别版本,PDF,444850,7493e27b264adfdcb01c946a18604a14428d2b6583b8c4b3cf458f1af99e4938,已核验：正文首页/前4页
reports/quarterly/2024/北方国际合作股份有限公司_2024_Q3_104ec8eb8570.pdf,北方国际合作股份有限公司,CN:000065,季报,2024 Q3,未标特别版本,PDF,456896,104ec8eb8570a168e996fc7432e8ac512752cc603fde22e8d277a7bf3666b588,已核验：正文首页/前4页
reports/quarterly/2025/北方国际合作股份有限公司_2025_Q1_83c587e5a92b.pdf,北方国际合作股份有限公司,CN:000065,季报,2025 Q1,未标特别版本,PDF,507757,83c587e5a92ba776d03f96573ef401c0b8bba226adfe65c341cd9846414482c5,已核验：正文首页/前4页
reports/quarterly/2025/北方国际合作股份有限公司_2025_Q3_663ea5808d40.pdf,北方国际合作股份有限公司,CN:000065,季报,2025 Q3,未标特别版本,PDF,476191,663ea5808d403a213e948ff132c14d5d0eece17dd6d88ed4f0e24ebf27cdd4d9,已核验：正文首页/前4页
reports/quarterly/2026/北方国际合作股份有限公司_2026_Q1_27d17a509f23.pdf,北方国际合作股份有限公司,CN:000065,季报,2026 Q1,未标特别版本,PDF,352960,27d17a509f23e83c874af445b7aab5dfe3ff226bdbf6d1e3db37fc083788da71,已核验：正文首页/前4页
reports/quarterly/2026/陕西源杰半导体科技股份有限公司_2026_Q1_2f8e613b016b.pdf,陕西源杰半导体科技股份有限公司,CN:688498,季报,2026 Q1,未标特别版本,PDF,164998,2f8e613b016bd7ac826e87354cb5d8d0918c4cf25176f56cc82f5703f9316aed,已核验：标题页/前4页
reports/annual/2025/Applied_Optoelectronics_Inc_2025财年(截至2025-12-31)_fdecbb936056.htm,"Applied Optoelectronics, Inc.","applied optoelectronics, inc.",年报,2025财年（截至2025-12-31）,完整保存的正式HTML,HTM,2686246,fdecbb9360567b7560b0fe12160482735194570dc8aca22c1ff7385d29eaa01a,已确认（正文核验）
reports/annual/2024/Browave_Corporation_2024_公司发布英文摘要译本_faa241ccb022.pdf,Browave Corporation,browave corporation,年报,2024,公司发布英文摘要译本,PDF,2257839,faa241ccb022b7ab8e9fa325a37ecd6d96de8f38512c2f6d27a653b244ac38a3,已核验：标题页/前4页
reports/annual/2025/Ciena_Corporation_2025财年(截至2025-11-01)_3a443dde8227.htm,Ciena Corporation,ciena corporation,年报,2025财年（截至2025-11-01）,完整保存的正式HTML,HTM,2736369,3a443dde8227910af83841293320b166a29aad3867bfeff33fcd23156c32a8ff,已确认（正文核验）
reports/annual/2025/Cisco_Systems_Inc_2025财年(截至2025-07-26)_c63d07c5ceca.htm,"Cisco Systems, Inc.","cisco systems, inc.",年报,2025财年（截至2025-07-26）,完整保存的正式HTML,HTM,3528800,c63d07c5ceca03b9854bb42270dc157b707ee8983ea31de2668974495301da1a,已确认（正文核验）
reports/annual/2025/Coherent_Corp_2025财年(截至2025-06-30)_f48361b9a330.htm,Coherent Corp.,coherent corp.,年报,2025财年（截至2025-06-30）,完整保存的正式HTML,HTM,2652710,f48361b9a33084cf042a5d4efec11e6610e670229683770a2fa1a1ad2b87872a,已确认（正文核验）
reports/annual/2022/HSBC_Holdings_plc_2022_ead08c9b8db5.pdf,HSBC Holdings plc,hsbc holdings plc,年报,2022,未标特别版本,PDF,24037585,ead08c9b8db5616f862f8ab064f0585f1d4cbae35b78eb753d1576e1c4047dbf,已核验：正文首页/前4页
reports/annual/2023/HSBC_Holdings_plc_2023_1f404d6ef9ae.pdf,HSBC Holdings plc,hsbc holdings plc,年报,2023,未标特别版本,PDF,6894097,1f404d6ef9ae95a2bf7c947d59b54d513a57f730dce0013007f7784b8b3cefba,已核验：正文首页/前4页
reports/annual/2025/Intel_Corporation_2025财年(截至2025-12-27)_67af52d83cdc.htm,Intel Corporation,intel corporation,年报,2025财年（截至2025-12-27）,完整保存的正式HTML,HTM,3320720,67af52d83cdc32a0c52d6007ba0b1031f25c50bc1cae5ee0d626721c9989e42d,已确认（正文核验）
reports/annual/2025/Lumentum_Holdings_Inc_2025财年(截至2025-06-28)_5a2bf512f4dd.htm,Lumentum Holdings Inc.,lumentum holdings inc.,年报,2025财年（截至2025-06-28）,完整保存的正式HTML,HTM,3287369,5a2bf512f4dd68d637b34eb6f97b322a1c7e0d0e6e85fa882f94ef8c252821ca,已确认（正文核验）
reports/annual/2025/Nokia_Corporation_2025财年(截至2025-12-31)_80e9093ab6c1.htm,Nokia Corporation,nokia corporation,年报,2025财年（截至2025-12-31）,完整保存的正式HTML,HTM,15293408,80e9093ab6c1c84c7760b98b8b9e7ba9f9d783706de039a50ed4ae9987d67dc0,已确认（正文核验）
reports/annual/2024/PC_Partner_Group_Limited_2024_d0fdd6fbf306.pdf,PC Partner Group Limited,pc partner group limited,年报,2024,未标特别版本,PDF,4471467,d0fdd6fbf3067581929809b8d55c266f154b32781adfc1f5da28c5955872f1e0,已核验：标题页/前4页
reports/annual/2025/TCL科技集团股份有限公司_2025_d2c9f29a64cc.pdf,TCL科技集团股份有限公司,CN:000100,年报,2025,未标特别版本,PDF,2753810,d2c9f29a64cc6dc272e6e31bab22fc536f9398b3b77ec145e936a0d657817df1,已核验：标题页/前4页
reports/annual/2025/万马科技股份有限公司_2025_9aeb5ce97279.pdf,万马科技股份有限公司,CN:300698,年报,2025,未标特别版本,PDF,2050450,9aeb5ce97279a110ce7635db102ce3dacc275f025be3b6f4ba8e1be9a8aed47c,已核验：标题页/前4页
reports/annual/2023/三安光电股份有限公司_2023_00e8ba7574fd.pdf,三安光电股份有限公司,CN:600703,年报,2023,未标特别版本,PDF,4754816,00e8ba7574fd755774bb5e3594a0afc630cf66e33d1d7477bc53b709549d6e27,已核验：标题页/前4页
reports/annual/2024/三安光电股份有限公司_2024_d0ae05be013c.pdf,三安光电股份有限公司,CN:600703,年报,2024,未标特别版本,PDF,2014697,d0ae05be013ca25976497965863c467e54876605411626ab103cd902820661ff,已核验：标题页/前4页
reports/annual/2025/三安光电股份有限公司_2025_54d4635b2bb7.pdf,三安光电股份有限公司,CN:600703,年报,2025,未标特别版本,PDF,1928931,54d4635b2bb7da62fe178d2847a4cff65712cee2cb6b0e46db9db73637a0e070,已核验：标题页/前4页
reports/annual/2025/上海伟测半导体科技股份有限公司_2025_ef0901a5725f.pdf,上海伟测半导体科技股份有限公司,CN:688372,年报,2025,未标特别版本,PDF,1709044,ef0901a5725fc26c135edba5c26d6f3bc391cbc614cb161bb500e4438fa3e628,已核验：标题页/前4页
reports/annual/2025/上海先导基电科技股份有限公司_2025_9d36f5bf910b.pdf,上海先导基电科技股份有限公司,CN:600641,年报,2025,未标特别版本,PDF,2664686,9d36f5bf910b3f478382653bbc3773caf02baeb93eb611c771f32a45e0468193,已核验：标题页/前4页
reports/annual/2023/上海剑桥科技股份有限公司_2023_d8fe628efbad.pdf,上海剑桥科技股份有限公司,CN:603083,年报,2023,未标特别版本,PDF,3976021,d8fe628efbadb894836fc3d6a73b0626f9cd3d388dbc662c22489b3f13e7e9f8,已核验：标题页/前4页
reports/annual/2024/上海剑桥科技股份有限公司_2024_e7c2e65dd388.pdf,上海剑桥科技股份有限公司,CN:603083,年报,2024,未标特别版本,PDF,1879818,e7c2e65dd38808221f1240407d8c9a3906d93bf266cb5a64928029b54af451ed,已核验：标题页/前4页
reports/annual/2025/上海剑桥科技股份有限公司_2025_cf464ac57cf9.pdf,上海剑桥科技股份有限公司,CN:603083,年报,2025,未标特别版本,PDF,1639751,cf464ac57cf9c4566c57c611385faae02a774206fc4db61e53db8cddeb952c6d,已核验：标题页/前4页
reports/annual/2025/上海华岭集成电路技术股份有限公司_2025_c4dfa1a3ea1e.pdf,上海华岭集成电路技术股份有限公司,CN:920139,年报,2025,未标特别版本,PDF,2809874,c4dfa1a3ea1e5f1655cecc113358c187265c1c92f959614f3a49c21760b5d7e2,已核验：正文首页/前4页
reports/annual/2025/上海华测导航技术股份有限公司_2025_289a078456db.pdf,上海华测导航技术股份有限公司,CN:300627,年报,2025,未标特别版本,PDF,1594716,289a078456db87477e216512075806dfdf7bdb2216f8e6e1bb819ae31e7b6193,已核验：标题页/前4页
reports/annual/2025/上海南芯半导体科技股份有限公司_2025_3d31c50d001b.pdf,上海南芯半导体科技股份有限公司,CN:688484,年报,2025,未标特别版本,PDF,1730159,3d31c50d001b20120cc852fbd2f0c295e130c8dd42bde374bde92d85aed5919c,已核验：标题页/前4页
reports/annual/2025/上海司南导航技术股份有限公司_2025_b9b8f227b749.pdf,上海司南导航技术股份有限公司,CN:688592,年报,2025,未标特别版本,PDF,1754360,b9b8f227b7492c2b7b15c8067a973dc5d039f78a8f476711dbce5ca25365e673,已核验：标题页/前4页
reports/annual/2025/上海合晶硅材料股份有限公司_2025_6f27a41c4093.pdf,上海合晶硅材料股份有限公司,CN:688584,年报,2025,未标特别版本,PDF,1567159,6f27a41c4093685591b6d4f4fb74ca0c78acce8a2a76d9553e1c3b0588ea078f,已核验：标题页/前4页
reports/annual/2025/上海和辉光电股份有限公司_2025_d3acdde7548d.pdf,上海和辉光电股份有限公司,CN:688538,年报,2025,未标特别版本,PDF,1304476,d3acdde7548d28e6c8569d67c6c211fe7a4b463dac851a74fde7d6ec0f0867b3,已核验：标题页/前4页
reports/annual/2025/上海复旦微电子集团股份有限公司_2025_b18f350b0948.pdf,上海复旦微电子集团股份有限公司,CN:688385,年报,2025,未标特别版本,PDF,1679559,b18f350b0948c399c5dcfd48c912e9d45d5fff8488d2703dc249f90894bad938,已核验：标题页/前4页
reports/annual/2025/上海天承科技股份有限公司_2025_24a43d1f8381.pdf,上海天承科技股份有限公司,CN:688603,年报,2025,未标特别版本,PDF,4723939,24a43d1f83816c4166ac43b352c11961f77cbad0d3959edc11c09d2a841518f8,已核验：标题页/前4页
reports/annual/2025/上海安路信息科技股份有限公司_2025_18254730641a.pdf,上海安路信息科技股份有限公司,CN:688107,年报,2025,未标特别版本,PDF,1521883,18254730641aaa35365b0c679f91801a06def95ffbdc656f9d6f26ab193fc033,已核验：标题页/前4页
reports/annual/2025/上海富瀚微电子股份有限公司_2025_d79ce718bc2f.pdf,上海富瀚微电子股份有限公司,CN:300613,年报,2025,未标特别版本,PDF,1412163,d79ce718bc2f487b0ca52491169c9f70c58603850ef48a10791bc508ae980f7d,已核验：标题页/前4页
reports/annual/2025/上海徕木电子股份有限公司_2025_976506ba4976.pdf,上海徕木电子股份有限公司,CN:603633,年报,2025,未标特别版本,PDF,1286525,976506ba497688ace422e7f5852bd229c2417ca7d8f6e06b917b11f41f939300,已核验：正文首页/前4页
reports/annual/2025/上海新相微电子股份有限公司_2025_47789679ce61.pdf,上海新相微电子股份有限公司,CN:688593,年报,2025,未标特别版本,PDF,1631387,47789679ce61862b6c123c4842c40d0ae9255d89da7c312485e67777fb782146,已核验：标题页/前4页
reports/annual/2025/上海晶丰明源半导体股份有限公司_2025_02d3ae84d1a4.pdf,上海晶丰明源半导体股份有限公司,CN:688368,年报,2025,未标特别版本,PDF,1649581,02d3ae84d1a44c6efd14ff3b46e53cc4550144e22b1b228ea559f1e06c62b3ed,已核验：正文首页/前4页
reports/annual/2024/上海汇通能源股份有限公司_2024_正式报告摘要_b16714ccdbc0.pdf,上海汇通能源股份有限公司,CN:600605,年报,2024,正式报告摘要,PDF,490399,b16714ccdbc0a417417f8240aa7debc4a4893985738a591ff605b221cbeb528f,已核验：正文首页/前4页
reports/annual/2025/上海灿瑞科技股份有限公司_2025_195528aac48f.pdf,上海灿瑞科技股份有限公司,CN:688061,年报,2025,未标特别版本,PDF,1573358,195528aac48f9813561eaf4c6da1f7c92e7ffdd924d5f9b57bafab86e9b24a68,已核验：标题页/前4页
reports/annual/2024/上海矩子科技股份有限公司_2024_356a83bac846.pdf,上海矩子科技股份有限公司,CN:300802,年报,2024,未标特别版本,PDF,3773510,356a83bac846c3be01cc25c950a8d0cc0bde114c6d01a6865da5a9a34b3e55dd,已核验：标题页/前4页
reports/annual/2025/上海矩子科技股份有限公司_2025_729fbf2436e2.pdf,上海矩子科技股份有限公司,CN:300802,年报,2025,未标特别版本,PDF,3229099,729fbf2436e28217861b91eea2c32b837c6037549b84a1463be564339b4afbcb,已核验：标题页/前4页
reports/annual/2023/上海硅产业集团股份有限公司_2023_588cfe793a8a.pdf,上海硅产业集团股份有限公司,CN:688126,年报,2023,未标特别版本,PDF,4509258,588cfe793a8ac06bda30baef93851f50e34a1b56f3e7cd08391ee364a57e97e3,已核验：标题页/前4页
reports/annual/2024/上海硅产业集团股份有限公司_2024_c46e7ae3fb25.pdf,上海硅产业集团股份有限公司,CN:688126,年报,2024,未标特别版本,PDF,1501864,c46e7ae3fb2596943c090f91c2fcd31e128ddfd53b6934ea4a0ace1933160ee9,已核验：标题页/前4页
reports/annual/2025/上海硅产业集团股份有限公司_2025_fdeeefafa72a.pdf,上海硅产业集团股份有限公司,CN:688126,年报,2025,未标特别版本,PDF,1523359,fdeeefafa72a40cb3c8090c7b8b52023d360385ac4402eefcbbbbba7e6ce6523,已核验：标题页/前4页
reports/annual/2025/上海移为通信技术股份有限公司_2025_f4e5181266e3.pdf,上海移为通信技术股份有限公司,CN:300590,年报,2025,未标特别版本,PDF,3092039,f4e5181266e3a88ccb74f451ca50e10d1e54f0dd642db0c3db0d46336eeb9bbe,已核验：标题页/前4页
reports/annual/2025/上海移远通信技术股份有限公司_2025_936dfc351f9a.pdf,上海移远通信技术股份有限公司,CN:603236,年报,2025,未标特别版本,PDF,3143163,936dfc351f9a47623b1c24d4c2ecedd5665a3ef699afa71a60253d8283599994,已核验：标题页/前4页
reports/annual/2025/上海至纯洁净系统科技股份有限公司_2025_78a58754f5ce.pdf,上海至纯洁净系统科技股份有限公司,CN:603690,年报,2025,未标特别版本,PDF,1870309,78a58754f5ce137fb5db3f7f3ed07ec4132b5f422c5a5039f4e0595d684dfbcc,已核验：标题页/前4页
reports/annual/2025/上海艾为电子技术股份有限公司_2025_b676b4f5200b.pdf,上海艾为电子技术股份有限公司,CN:688798,年报,2025,未标特别版本,PDF,2175425,b676b4f5200b29d8432417a7d9b8d5047f738442bc191604f2aeff43da7d04f2,已核验：标题页/前4页
reports/annual/2025/上海芯导电子科技股份有限公司_2025_aabedf7596ca.pdf,上海芯导电子科技股份有限公司,CN:688230,年报,2025,未标特别版本,PDF,1615825,aabedf7596caaf1788a1a124e76b94b2abc06be799a1e5e86d1ebfbcc0ea008d,已核验：标题页/前4页
reports/annual/2025/上海贝岭股份有限公司_2025_848411b8d6ed.pdf,上海贝岭股份有限公司,CN:600171,年报,2025,未标特别版本,PDF,1324905,848411b8d6edcf36606090834f64d71962e8d916dd117756d97a37c32157f9db,已核验：标题页/前4页
reports/annual/2023/上海阿莱德实业股份有限公司_2023_5425857574e5.pdf,上海阿莱德实业股份有限公司,CN:301419,年报,2023,未标特别版本,PDF,4784556,5425857574e51654c1c184db32a9fb94b0c650351f6e83ba8fc80f2729fab828,已核验：标题页/前4页
reports/annual/2024/上海阿莱德实业集团股份有限公司_2024_3657f4b6f2f4.pdf,上海阿莱德实业集团股份有限公司,CN:301419,年报,2024,未标特别版本,PDF,3686016,3657f4b6f2f4ef54e58cb0b60abbf6eadd490069190c52237045371705873dd7,已核验：标题页/前4页
reports/annual/2025/上海阿莱德实业集团股份有限公司_2025_2c69f7d1cf21.pdf,上海阿莱德实业集团股份有限公司,CN:301419,年报,2025,未标特别版本,PDF,1640162,2c69f7d1cf212348e1620f7233056ed64856030c2fdb2317dd9656a6dfb258e6,已核验：标题页/前4页
reports/annual/2025/东信和平科技股份有限公司_2025_6f6d09eced08.pdf,东信和平科技股份有限公司,CN:002017,年报,2025,未标特别版本,PDF,1127623,6f6d09eced088d9ea5efe2c275e3763f6013becea2b543525d4bece24a414bdc,已核验：标题页/前4页
reports/annual/2025/东方通信股份有限公司_2025_c8e656cfd805.pdf,东方通信股份有限公司,CN:600776,年报,2025,未标特别版本,PDF,1289544,c8e656cfd805029756d7e4a2d1f111c344da6b25e5ccfc3e5f040529718ed4da,已核验：标题页/前4页
reports/annual/2024/东睦新材料集团股份有限公司_2024_b46e71725573.pdf,东睦新材料集团股份有限公司,CN:600114,年报,2024,未标特别版本,PDF,4444691,b46e7172557361bc54b84eb2c0f732027e0d2a8d5edaeac20b0b5c3bed004400,已核验：标题页/前4页
reports/annual/2025/东睦新材料集团股份有限公司_2025_1d69f8c425ae.pdf,东睦新材料集团股份有限公司,CN:600114,年报,2025,未标特别版本,PDF,3530311,1d69f8c425aef4dd8bf3b979c57299419d2f1686c58da6fef46ca687c3b23c6c,已核验：标题页/前4页
reports/annual/2025/东芯半导体股份有限公司_2025_3ab4955659a4.pdf,东芯半导体股份有限公司,CN:688110,年报,2025,未标特别版本,PDF,1737617,3ab4955659a42bce1a7f8449ca14385154a52029bcf4bf10ffe32d48fd278dee,已核验：标题页/前4页
reports/annual/2023/东莞市凯格精机股份有限公司_2023_7636608e8a34.pdf,东莞市凯格精机股份有限公司,CN:301338,年报,2023,未标特别版本,PDF,5069769,7636608e8a34d3bae3232776c43b885b681e3db13b1461bdc0b28b261ff86003,已核验：标题页/前4页
reports/annual/2024/东莞市凯格精机股份有限公司_2024_8f46d5df0b94.pdf,东莞市凯格精机股份有限公司,CN:301338,年报,2024,未标特别版本,PDF,4189285,8f46d5df0b941b72b88ba7b70d2f09feb22cad98bd9d1d3497f2981e423ca383,已核验：标题页/前4页
reports/annual/2025/东莞市凯格精机股份有限公司_2025_b38a3c09d516.pdf,东莞市凯格精机股份有限公司,CN:301338,年报,2025,未标特别版本,PDF,4278629,b38a3c09d516f9b64c65d6fc0cf94008ee1d1478c540919a4df75c8c553e43d4,已核验：标题页/前4页
reports/annual/2025/东莞市鼎通精密科技股份有限公司_2025_b76783d3b27b.pdf,东莞市鼎通精密科技股份有限公司,CN:688668,年报,2025,未标特别版本,PDF,1658346,b76783d3b27b9cbeb32e294fd484bf0a8d165097355bb67ec258689f57b202b3,已核验：标题页/前4页
reports/annual/2025/东莞铭普光磁股份有限公司_2025_58c118f8dea7.pdf,东莞铭普光磁股份有限公司,CN:002902,年报,2025,未标特别版本,PDF,1696910,58c118f8dea7d39cecf21d2f01560c2af70123b1f8b2f1cc33135a1119846641,已核验：标题页/前4页
reports/annual/2025/中信科移动通信技术股份有限公司_2025_00d6810129a5.pdf,中信科移动通信技术股份有限公司,CN:688387,年报,2025,未标特别版本,PDF,1548668,00d6810129a5e520e30330f9d6b1c03256db489c2499082c276a57fd53ac2571,已核验：标题页/前4页
reports/annual/2025/中兴通讯股份有限公司_2025_9fa224b7361e.pdf,中兴通讯股份有限公司,CN:000063,年报,2025,未标特别版本,PDF,6214910,9fa224b7361ef4cd2c4f345531df8874c6f5bf4f69634da397a825dd294746e1,已核验：标题页/前4页
reports/annual/2023/中宏人寿保险有限公司_2023_保险公司年度信息披露报告_ccf3b74ad837.pdf,中宏人寿保险有限公司,中宏人寿保险有限公司,年报,2023,保险公司年度信息披露报告,PDF,2283331,ccf3b74ad837dc115af0c442553900792b62646f4d26c9efc1bf0f9de311f88e,已核验：标题页/前4页
reports/annual/2025/中微半导体设备(上海)股份有限公司_2025_d64c410832f2.pdf,中微半导体设备（上海）股份有限公司,CN:688012,年报,2025,未标特别版本,PDF,9165875,d64c410832f22f5127277bad6dc357c664aede523561af99150c494857fd3aa5,已核验：标题页/前4页
reports/annual/2025/中微半导体(深圳)股份有限公司_2025_76071c7c52be.pdf,中微半导体（深圳）股份有限公司,CN:688380,年报,2025,未标特别版本,PDF,2084434,76071c7c52be5dae0e7f72e6f676f892a0f3d12fcb80e48574ad63850549191a,已核验：标题页/前4页
reports/annual/2025/中电科芯片技术股份有限公司_2025_ae946b070ba3.pdf,中电科芯片技术股份有限公司,CN:600877,年报,2025,未标特别版本,PDF,1427467,ae946b070ba3146df1c27131ea0171478bd48dc3a3f0590b486af4642b81b42e,已核验：标题页/前4页
reports/annual/2023/中科寒武纪科技股份有限公司_2023_正式报告摘要_cc4380e22889.pdf,中科寒武纪科技股份有限公司,CN:688256,年报,2023,正式报告摘要,PDF,510522,cc4380e22889184aee46d4b9866aa001e3a0b5ab0688c82f1d47a4380580bd77,已核验：标题页/前4页
reports/annual/2024/中科寒武纪科技股份有限公司_2024_87f63aad82dc.pdf,中科寒武纪科技股份有限公司,CN:688256,年报,2024,未标特别版本,PDF,1505155,87f63aad82dc43fd0613de60bb72e3c88fcacffb9e074767c947d4bd76cb4d7b,已核验：标题页/前4页
reports/annual/2025/中科寒武纪科技股份有限公司_2025_e9360bfb6ad2.pdf,中科寒武纪科技股份有限公司,CN:688256,年报,2025,未标特别版本,PDF,1531788,e9360bfb6ad2d66ce7b65da15f8fa2fcdda9fde526e2a76dba3964327507f4ab,已核验：标题页/前4页
reports/annual/2025/中航富士达科技股份有限公司_2025_a6ee8c4b28bc.pdf,中航富士达科技股份有限公司,CN:920640,年报,2025,未标特别版本,PDF,3399217,a6ee8c4b28bcaf5602fd24f605a42a8dfdf51c1b53d0d6cc7fe5d498e7313094,已核验：正文首页/前4页
reports/annual/2025/中船(邯郸)派瑞特种气体股份有限公司_2025_668de504843c.pdf,中船（邯郸）派瑞特种气体股份有限公司,CN:688146,年报,2025,未标特别版本,PDF,2656743,668de504843ced30a2639d645b52984b90ad78f837b144e7b25d03a2ee320663,已核验：标题页/前4页
reports/annual/2025/中芯国际集成电路制造有限公司_2025_c022cf932396.pdf,中芯国际集成电路制造有限公司,CN:688981,年报,2025,未标特别版本,PDF,1697396,c022cf9323967f66a239ce4f60b30507bc341db6e660a53db9c2966a9ef35531,已核验：标题页/前4页
reports/annual/2023/中际旭创股份有限公司_2023_2276f88c03ac.pdf,中际旭创股份有限公司,CN:300308,年报,2023,未标特别版本,PDF,6702448,2276f88c03aca66b37e4d7a03c88df1dfa7eb6bdf1487bf7d3a76d21b84948a9,已核验：标题页/前4页
reports/annual/2024/中际旭创股份有限公司_2024_1c13639ab218.pdf,中际旭创股份有限公司,CN:300308,年报,2024,未标特别版本,PDF,6966927,1c13639ab218395ef3c81bfbcddb64ba48262d2afcc8ac9ed1588a9dbd4a513f,已核验：标题页/前4页
reports/annual/2025/中际旭创股份有限公司_2025_0290f380253d.pdf,中际旭创股份有限公司,CN:300308,年报,2025,未标特别版本,PDF,6150814,0290f380253dde79613d43a1c6203674ae36cb89f849f063668ccde9a8789b5e,已核验：标题页/前4页
reports/annual/2025/中颖电子股份有限公司_2025_9667af3b2cec.pdf,中颖电子股份有限公司,CN:300327,年报,2025,未标特别版本,PDF,1271978,9667af3b2cec6cdd66a6c19e2b40641081ff684c20fd9da3e7749cfe5835fd8d,已核验：标题页/前4页
reports/annual/2025/乐鑫信息科技(上海)股份有限公司_2025_bb9eb879be24.pdf,乐鑫信息科技（上海）股份有限公司,CN:688018,年报,2025,未标特别版本,PDF,3941787,bb9eb879be2492ebcee60fb8815b7f0df6913754baa3103aaa0dc88b16076f65,已核验：标题页/前4页
reports/annual/2024/云南临沧鑫圆锗业股份有限公司_2024_085697c548d1.pdf,云南临沧鑫圆锗业股份有限公司,CN:002428,年报,2024,未标特别版本,PDF,1216252,085697c548d158819c0e053e881e56869b892a48bf7db0b27f605b70ee98a98c,已核验：标题页/前4页
reports/annual/2025/云南临沧鑫圆锗业股份有限公司_2025_398ab0319ed7.pdf,云南临沧鑫圆锗业股份有限公司,CN:002428,年报,2025,未标特别版本,PDF,1212466,398ab0319ed700e2db48d7329cd7181d70573b6c1dba46f24890c71c2844e2ad,已核验：标题页/前4页
reports/annual/2025/亚世光电(集团)股份有限公司_2025_76c3e41b63b6.pdf,亚世光电（集团）股份有限公司,CN:002952,年报,2025,未标特别版本,PDF,1289969,76c3e41b63b62e060c6c1f4ed59684fc182d1d1146c576279a118f0ec4558ec2,已核验：正文首页/前4页
reports/annual/2025/京东方华灿光电股份有限公司_2025_25d1e04b6ba6.pdf,京东方华灿光电股份有限公司,CN:300323,年报,2025,未标特别版本,PDF,3732625,25d1e04b6ba65ff4f9f7912c612dd9c0e7b012bcaf3062d19dc5ee7ea047af14,已核验：标题页/前4页
reports/annual/2025/京东方科技集团股份有限公司_2025_34ba47131763.pdf,京东方科技集团股份有限公司,CN:000725,年报,2025,未标特别版本,PDF,1860151,34ba47131763d6992d0997e714fa2e741e38abbfbcb7b6f537cfe2fdb97b1a80,已核验：标题页/前4页
reports/annual/2025/伟时电子股份有限公司_2025_8552e6243054.pdf,伟时电子股份有限公司,CN:605218,年报,2025,未标特别版本,PDF,1331831,8552e6243054acc54a63f498cdcc5e68fb90e92dba5109ae3158df22f27ff399,已核验：标题页/前4页
reports/annual/2025/佛山市国星光电股份有限公司_2025_35e3f3952aa9.pdf,佛山市国星光电股份有限公司,CN:002449,年报,2025,未标特别版本,PDF,1840859,35e3f3952aa970f2383c954da6e26ae068f94023e32edd08f6795275103c287e,已核验：正文首页/前4页
reports/annual/2025/佛山市联动科技股份有限公司_2025_a9b239ea3af3.pdf,佛山市联动科技股份有限公司,CN:301369,年报,2025,未标特别版本,PDF,1494775,a9b239ea3af38d2742462e3128b70a172ee203d0fb3a1b6232ccc6a76629acdf,已核验：标题页/前4页
reports/annual/2025/佛山市蓝箭电子股份有限公司_2025_d536a91a020e.pdf,佛山市蓝箭电子股份有限公司,CN:301348,年报,2025,未标特别版本,PDF,1914293,d536a91a020e3f0286c3e9e74abbdc0a963161d0dc515d074a0600daf9a1f7bd,已核验：标题页/前4页
reports/annual/2025/佛山纬达光电材料股份有限公司_2025_6aaa5d923e05.pdf,佛山纬达光电材料股份有限公司,CN:920001,年报,2025,未标特别版本,PDF,2800616,6aaa5d923e055572eb19a38a058a56f678b19ebb7bb6997d032b3f98e4def345,已核验：正文前8页
reports/annual/2025/兆易创新科技集团股份有限公司_2025_653c636397dc.pdf,兆易创新科技集团股份有限公司,CN:603986,年报,2025,未标特别版本,PDF,3970460,653c636397dca983bbf653157e6d931ce09895f0f81e162ea8b2d4367577527e,已核验：标题页/前4页
reports/annual/2025/光智科技股份有限公司_2025_447f9ee3ffb8.pdf,光智科技股份有限公司,CN:300489,年报,2025,未标特别版本,PDF,1409259,447f9ee3ffb8e334a3b415d45f9e5c3bd81caac297a23d283eefa550201368fe,已核验：标题页/前4页
reports/annual/2025/冠捷电子科技股份有限公司_2025_4f05e43ee2cd.pdf,冠捷电子科技股份有限公司,CN:000727,年报,2025,未标特别版本,PDF,15593918,4f05e43ee2cda7b81d3cccf810dc52f0dc347ec73ef9564b25092ecfff5b7523,已核验：标题页/前4页
reports/annual/2025/凤凰光学股份有限公司_2025_b9a09d7fa01a.pdf,凤凰光学股份有限公司,CN:600071,年报,2025,未标特别版本,PDF,1147189,b9a09d7fa01a471fb9c39492ff68e10c3e40a670c895c0f5c570db781d17db8b,已核验：标题页/前4页
reports/annual/2025/凯盛科技股份有限公司_2025_8187a788311c.pdf,凯盛科技股份有限公司,CN:600552,年报,2025,未标特别版本,PDF,1447303,8187a788311cf5322b97a6eb14985a0447e04c988212a46004e0f89148e9d34e,已核验：标题页/前4页
reports/annual/2025/创耀(苏州)通信科技股份有限公司_2025_8c8ddec284f0.pdf,创耀（苏州）通信科技股份有限公司,CN:688259,年报,2025,未标特别版本,PDF,2077657,8c8ddec284f0960093a3cd4240b6fb01ea2d8adb0f28bb90e7d7a8dbc7276f26,已核验：标题页/前4页
reports/annual/2025/利亚德光电股份有限公司_2025_5c5a94c6db3b.pdf,利亚德光电股份有限公司,CN:300296,年报,2025,未标特别版本,PDF,4105877,5c5a94c6db3b5efff329ab648c486f198c274d37a43a649dbfbc5e5aa3760e6a,已核验：标题页/前4页
reports/annual/2025/利尔达科技集团股份有限公司_2025_0bd199a5e3a7.pdf,利尔达科技集团股份有限公司,CN:920249,年报,2025,未标特别版本,PDF,2580948,0bd199a5e3a7004e5f47025b4979eae1ab67e6f8d30386868fba86c701b36ae4,已核验：正文首页/前4页
reports/annual/2025/北京东土科技股份有限公司_2025_d1d8ba8aed61.pdf,北京东土科技股份有限公司,CN:300353,年报,2025,未标特别版本,PDF,2119368,d1d8ba8aed61345a29d471f08c163cc69afcdaac0af68b2883f84a782be5b1fd,已核验：标题页/前4页
reports/annual/2025/北京京仪自动化装备技术股份有限公司_2025_4d0b96a931f2.pdf,北京京仪自动化装备技术股份有限公司,CN:688652,年报,2025,未标特别版本,PDF,1746264,4d0b96a931f2f621474378a111a1df0ee7472565e3949a5d1d6f1dbfe1e4c943,已核验：标题页/前4页
reports/annual/2025/北京佳讯飞鸿电气股份有限公司_2025_b0c07da9dbff.pdf,北京佳讯飞鸿电气股份有限公司,CN:300213,年报,2025,未标特别版本,PDF,4656331,b0c07da9dbfffca5527f6749a61d7354d3853a70e97adcc009712cf167fe707b,已核验：标题页/前4页
reports/annual/2025/北京八亿时空液晶科技股份有限公司_2025_b10bed9bee36.pdf,北京八亿时空液晶科技股份有限公司,CN:688181,年报,2025,未标特别版本,PDF,1601191,b10bed9bee361e648891c367c9560e6e7c4aab8890d1ed5f5e30c33424d912e2,已核验：标题页/前4页
reports/annual/2025/北京凯德石英股份有限公司_2025_7250086c00bf.pdf,北京凯德石英股份有限公司,CN:920179,年报,2025,未标特别版本,PDF,2131310,7250086c00bf014fbcb2857fc530e3db798abd39d4cd63ca6d68caf6ced7baaf,已核验：正文首页/前4页
reports/annual/2025/北京华峰测控技术股份有限公司_2025_4dea993a56d5.pdf,北京华峰测控技术股份有限公司,CN:688200,年报,2025,未标特别版本,PDF,1466348,4dea993a56d583ec7a6d0bcd9cc90ff5a63d34922b0b93686399411ddb82e7a2,已核验：标题页/前4页
reports/annual/2025/北京君正集成电路股份有限公司_2025_8dbeb6fb2eab.pdf,北京君正集成电路股份有限公司,CN:300223,年报,2025,未标特别版本,PDF,1493197,8dbeb6fb2eab282c3120ea8a00dda095c161714e896e87a74cda312e2546e5eb,已核验：标题页/前4页
reports/annual/2025/北京屹唐半导体科技股份有限公司_2025_a953266b3a6a.pdf,北京屹唐半导体科技股份有限公司,CN:688729,年报,2025,未标特别版本,PDF,3204910,a953266b3a6aa7cbd96eff0774bf89d9d767f862a2a96320585fba365894c938,已核验：标题页/前4页
reports/annual/2025/北京昂瑞微电子技术股份有限公司_2025_976f96b0615e.pdf,北京昂瑞微电子技术股份有限公司,CN:688790,年报,2025,未标特别版本,PDF,1692560,976f96b0615e14af6151977be71ea1c83a1bce0245260bee9e91c8aa9a95ff15,已核验：标题页/前4页
reports/annual/2025/北京映翰通网络技术股份有限公司_2025_02a7d8b31a26.pdf,北京映翰通网络技术股份有限公司,CN:688080,年报,2025,未标特别版本,PDF,2498307,02a7d8b31a26d994fea580e8e816dabded902f1b1fb47e4ca451e20e1daef9bb,已核验：标题页/前4页
reports/annual/2023/北京燕东微电子股份有限公司_2023_1a18ef28bc7c.pdf,北京燕东微电子股份有限公司,CN:688172,年报,2023,未标特别版本,PDF,4958573,1a18ef28bc7c7927026321b3f0f13d751b1fb38626f18b8d4ecf42fca464c5df,已核验：标题页/前4页
reports/annual/2024/北京燕东微电子股份有限公司_2024_221405e83cf0.pdf,北京燕东微电子股份有限公司,CN:688172,年报,2024,未标特别版本,PDF,1897455,221405e83cf0b2bca592a273b9aad6da149b9b262880ecdfd5c158946dcffdc5,已核验：标题页/前4页
reports/annual/2025/北京燕东微电子股份有限公司_2025_7173e7b0d2d0.pdf,北京燕东微电子股份有限公司,CN:688172,年报,2025,未标特别版本,PDF,1649880,7173e7b0d2d0794b5620852840f9ae0dc9c8e85481705e1b94fb103abced5244,已核验：标题页/前4页
reports/annual/2025/北京赛微电子股份有限公司_2025_3ca86a77695f.pdf,北京赛微电子股份有限公司,CN:300456,年报,2025,未标特别版本,PDF,6197482,3ca86a77695f1352df161f2e7fc1529afcff55e53449d421d7d5949ddbb1c8d0,已核验：标题页/前4页
reports/annual/2025/北方华创科技集团股份有限公司_2025_af09ac495107.pdf,北方华创科技集团股份有限公司,CN:002371,年报,2025,未标特别版本,PDF,1858616,af09ac4951073e650f8d4f428a7eaea6977e18a162cfb042000408a3fc49d50f,已核验：标题页/前4页
reports/annual/2018/北方国际合作股份有限公司_2018_f08558111d40.pdf,北方国际合作股份有限公司,CN:000065,年报,2018,未标特别版本,PDF,6981927,f08558111d4036aa70804adb6614cbd515ff8683d8ac7f6a527dd704db64092f,已核验：正文首页/前4页
reports/annual/2018/北方国际合作股份有限公司_2018_正式报告摘要_8dcb9d4d58f9.pdf,北方国际合作股份有限公司,CN:000065,年报,2018,正式报告摘要,PDF,382797,8dcb9d4d58f9f785a8522381ea10ae8b20aaa625e8bf7b2e4057075a94ffa099,已核验：正文首页/前4页
reports/annual/2019/北方国际合作股份有限公司_2019_2a937ad314b9.pdf,北方国际合作股份有限公司,CN:000065,年报,2019,未标特别版本,PDF,7875115,2a937ad314b98b08f29809830d96d02fcb1bf7dd48d9d0cc3d53896db2d30b10,已核验：正文首页/前4页
reports/annual/2019/北方国际合作股份有限公司_2019_正式报告摘要_bf65735b48f6.pdf,北方国际合作股份有限公司,CN:000065,年报,2019,正式报告摘要,PDF,471635,bf65735b48f645f044a327d547655be91a6201c93c779e952c827b75337232e7,已核验：正文首页/前4页
reports/annual/2020/北方国际合作股份有限公司_2020_eca0248a266a.pdf,北方国际合作股份有限公司,CN:000065,年报,2020,未标特别版本,PDF,5083203,eca0248a266aa63f44fa92019aab7d8634a32ffb00917fae12b26396ce593b69,已核验：正文首页/前4页
reports/annual/2020/北方国际合作股份有限公司_2020_正式报告摘要_1666d862568e.pdf,北方国际合作股份有限公司,CN:000065,年报,2020,正式报告摘要,PDF,328346,1666d862568e200e748f1ca43f1dff9bc6cd8bc69959709c8747bc0c46338372,已核验：正文首页/前4页
reports/annual/2021/北方国际合作股份有限公司_2021_2db9e0ecf689.pdf,北方国际合作股份有限公司,CN:000065,年报,2021,未标特别版本,PDF,1925070,2db9e0ecf689f46f0cbb499b74735952536d2f65ee31b0c59c31671d3603bea1,已核验：正文首页/前4页
reports/annual/2021/北方国际合作股份有限公司_2021_正式报告摘要_c5e78a22d013.pdf,北方国际合作股份有限公司,CN:000065,年报,2021,正式报告摘要,PDF,285945,c5e78a22d013d6b835c60baa54ae96dfdf84f6b2877e55d942a7e8457c893cca,已核验：正文首页/前4页
reports/annual/2022/北方国际合作股份有限公司_2022_812aac458c15.pdf,北方国际合作股份有限公司,CN:000065,年报,2022,未标特别版本,PDF,5877552,812aac458c151108c0defd9be5fcc40e7288f746093b5b8f82248d36dfb32d55,已核验：正文首页/前4页
reports/annual/2022/北方国际合作股份有限公司_2022_正式报告摘要_f7c84aca36b1.pdf,北方国际合作股份有限公司,CN:000065,年报,2022,正式报告摘要,PDF,365794,f7c84aca36b16f6987dd37dd37d5f03c62b77dda55dba0e0fca51452be8854cd,已核验：正文首页/前4页
reports/annual/2022/北方国际合作股份有限公司_2022_更正后版本_2ad7cafc3df3.pdf,北方国际合作股份有限公司,CN:000065,年报,2022,更正后版本,PDF,6090916,2ad7cafc3df330be91e6fe35a7c75eacdab66ed9f11daca6cc8b858f394b8acb,已核验：正文首页/前4页
reports/annual/2023/北方国际合作股份有限公司_2023_e60254663959.pdf,北方国际合作股份有限公司,CN:000065,年报,2023,未标特别版本,PDF,5503205,e602546639599a5dcb9ee9db2aff2f5ecf7347f07a7866ee5916be9b90a6d1f7,已核验：正文首页/前4页
reports/annual/2023/北方国际合作股份有限公司_2023_正式报告摘要_9fe7f88cdefc.pdf,北方国际合作股份有限公司,CN:000065,年报,2023,正式报告摘要,PDF,388078,9fe7f88cdefc06cc0a38dcb56a7ca7ff554511a6f4d7e4a823ab90607b85cae5,已核验：正文首页/前4页
reports/annual/2024/北方国际合作股份有限公司_2024_2599e0fe715b.pdf,北方国际合作股份有限公司,CN:000065,年报,2024,未标特别版本,PDF,5988468,2599e0fe715ba3a54dead6d1e3b656322ea05f1fb397c1af16c81be8c40e8cb8,已核验：正文首页/前4页
reports/annual/2024/北方国际合作股份有限公司_2024_正式报告摘要_7669a8672ac9.pdf,北方国际合作股份有限公司,CN:000065,年报,2024,正式报告摘要,PDF,451597,7669a8672ac961ff16bf6d9a6175f125851b5ef08f17b4abb56f0f792249066a,已核验：正文首页/前4页
reports/annual/2025/北方国际合作股份有限公司_2025_ea9e1036ae31.pdf,北方国际合作股份有限公司,CN:000065,年报,2025,未标特别版本,PDF,5590068,ea9e1036ae313ed4b108ef112e4fdaff3c7bfcce70b614ca29bab0f237f3e3b1,已核验：正文首页/前4页
reports/annual/2025/北方国际合作股份有限公司_2025_正式报告摘要_9d8022459439.pdf,北方国际合作股份有限公司,CN:000065,年报,2025,正式报告摘要,PDF,253814,9d80224594394be4a7ba70ed18271d8d9495ae903498c25a6836f0d334b52377,已核验：正文首页/前4页
reports/annual/2025/华塑控股股份有限公司_2025_a665862529c9.pdf,华塑控股股份有限公司,CN:000509,年报,2025,未标特别版本,PDF,1166314,a665862529c94a3d33fbc04692a3802b0d8dfae66b718fe9340ddb670926f4de,已核验：标题页/前4页
reports/annual/2023/华工科技产业股份有限公司_2023_9d7d0d7333af.pdf,华工科技产业股份有限公司,CN:000988,年报,2023,未标特别版本,PDF,5098236,9d7d0d7333af341247d327ee5703c062cb4ad4edc58d2e0e6e654f1425dab6d7,已核验：标题页/前4页
reports/annual/2024/华工科技产业股份有限公司_2024_f41be66854b3.pdf,华工科技产业股份有限公司,CN:000988,年报,2024,未标特别版本,PDF,5158046,f41be66854b3d394764ed6dc8f42472c89fe3ba0ab8c451820fcfa0e1d6c0080,已核验：标题页/前4页
reports/annual/2025/华工科技产业股份有限公司_2025_ae1f7383c109.pdf,华工科技产业股份有限公司,CN:000988,年报,2025,未标特别版本,PDF,2432885,ae1f7383c1094f66b77a3310c2830763d108193586bddd6869bdfc4f3d6d2f46,已核验：标题页/前4页
reports/annual/2025/华映科技(集团)股份有限公司_2025_5f41ab08b8a5.pdf,华映科技（集团）股份有限公司,CN:000536,年报,2025,未标特别版本,PDF,4795732,5f41ab08b8a5011cc90e50d6af121526b3085b433976b9da4a9c19f734ac62e7,已核验：标题页/前4页
reports/annual/2025/华海清科股份有限公司_2025_4491f5b0e14d.pdf,华海清科股份有限公司,CN:688120,年报,2025,未标特别版本,PDF,1952067,4491f5b0e14d8f88e569c0fc060232beaf142f69cf869c1386d2a1460fbd788c,已核验：标题页/前4页
reports/annual/2025/华润微电子有限公司_2025_728928cb9876.pdf,华润微电子有限公司,CN:688396,年报,2025,未标特别版本,PDF,1950260,728928cb98768ed31bcc7f5f73d89900e9cfa03447f036f3a4587da43f620916,已核验：标题页/前4页
reports/annual/2025/华虹半导体有限公司_2025_f491406a54e3.pdf,华虹半导体有限公司,CN:688347,年报,2025,未标特别版本,PDF,1386471,f491406a54e3a33ef84ff6fa945aeb44709f66693faca4df580f41e416aa6872,已核验：标题页/前4页
reports/annual/2025/华虹半导体有限公司_2025_cfa3a9f72f18.pdf,华虹半导体有限公司,CN:688347,年报,2025,未标特别版本,PDF,1383523,cfa3a9f72f185f97896f3d040bb215cc00688f19f7b23f0fa0c96b705d6b4e04,已核验：标题页/前4页
reports/annual/2025/南亚新材料科技股份有限公司_2025_81b678e5e4a9.pdf,南亚新材料科技股份有限公司,CN:688519,年报,2025,未标特别版本,PDF,1601607,81b678e5e4a911572aa39fa7a26d5fc27a57220a9b78a8cffe40865ffb14d7c5,已核验：标题页/前4页
reports/annual/2025/南京冠石科技股份有限公司_2025_d7b2c9c968ac.pdf,南京冠石科技股份有限公司,CN:605588,年报,2025,未标特别版本,PDF,1551611,d7b2c9c968ac8086971d42ebe3325c0c883c4e28aab7ab2d6249200e2a262054,已核验：标题页/前4页
reports/annual/2025/南京华脉科技股份有限公司_2025_7a0c4ecea90f.pdf,南京华脉科技股份有限公司,CN:603042,年报,2025,未标特别版本,PDF,1298581,7a0c4ecea90fdc5656a0634c781b9329e7370aca063fa667534367dad3b5accf,已核验：标题页/前4页
reports/annual/2025/南京商络电子股份有限公司_2025_635b950c13df.pdf,南京商络电子股份有限公司,CN:300975,年报,2025,未标特别版本,PDF,1408819,635b950c13df10b0b39c1c743c916ce4a7faa4191e5c3afe4396013af99c033e,已核验：标题页/前4页
reports/annual/2025/南京晶升装备股份有限公司_2025_e8a1b8526c06.pdf,南京晶升装备股份有限公司,CN:688478,年报,2025,未标特别版本,PDF,1869245,e8a1b8526c066756d3b75090bab05ca005ebcf853de75c696e977f6c5bf0ff45,已核验：标题页/前4页
reports/annual/2025/南京波长光电科技股份有限公司_2025_d8cb0aeceea1.pdf,南京波长光电科技股份有限公司,CN:301421,年报,2025,未标特别版本,PDF,2995721,d8cb0aeceea19b19e7d2da7759bf2959fb7c2af0336dab1b90b08d1cd58c2d7e,已核验：标题页/前4页
reports/annual/2025/南京熊猫电子股份有限公司_2025_50966c3c56bb.pdf,南京熊猫电子股份有限公司,CN:600775,年报,2025,未标特别版本,PDF,1644706,50966c3c56bb7b869da4de7c9f12ec80dc109efdf2c48ef7d2a09feeba196628,已核验：标题页/前4页
reports/annual/2025/南京茂莱光学科技股份有限公司_2025_c2e7daacf59a.pdf,南京茂莱光学科技股份有限公司,CN:688502,年报,2025,未标特别版本,PDF,1559689,c2e7daacf59a8a792a9196950061f8389aeb4ef99b688e25235addd365e69ece,已核验：标题页/前4页
reports/annual/2025/南京高华科技股份有限公司_2025_250dc3bf451f.pdf,南京高华科技股份有限公司,CN:688539,年报,2025,未标特别版本,PDF,1961965,250dc3bf451fa7fd5ec9f0118afeaf22964a4cb8ae34c561a26ec926740ef797,已核验：标题页/前4页
reports/annual/2025/南通江海电容器股份有限公司_2025_7c73103aa3c9.pdf,南通江海电容器股份有限公司,CN:002484,年报,2025,未标特别版本,PDF,5484122,7c73103aa3c93778d2d1d18bcf55a2f76413887a8aa3f6b50f0749038edc19b3,已核验：标题页/前4页
reports/annual/2023/博众精工科技股份有限公司_2023_625050861949.pdf,博众精工科技股份有限公司,CN:688097,年报,2023,未标特别版本,PDF,5923896,625050861949a8fd0c9b98907209c22be4027e24f68706b20f5e0bfac3f642ee,已核验：标题页/前4页
reports/annual/2024/博众精工科技股份有限公司_2024_9a272268b98d.pdf,博众精工科技股份有限公司,CN:688097,年报,2024,未标特别版本,PDF,5372726,9a272268b98dedcd462b02c68d9449fecd9ade01086c2927dc8315915e71d2e1,已核验：标题页/前4页
reports/annual/2025/博众精工科技股份有限公司_2025_fb4bb7e30f81.pdf,博众精工科技股份有限公司,CN:688097,年报,2025,未标特别版本,PDF,4933424,fb4bb7e30f81c4e850505b2b5abd4172e01da59b05978a23fd7303de13043fd9,已核验：标题页/前4页
reports/annual/2023/博创科技股份有限公司_2023_80d89d852fe2.pdf,博创科技股份有限公司,CN:300548,年报,2023,未标特别版本,PDF,1178046,80d89d852fe2f5d522e092f7abc4d2ba8f75dca09c02644e574da4dbe20a1c30,已核验：标题页/前4页
reports/annual/2024/博创科技股份有限公司_2024_9d4ac167277c.pdf,博创科技股份有限公司,CN:300548,年报,2024,未标特别版本,PDF,1256887,9d4ac167277cf020c909ae89459c78f3660665f2851d567728359e3dc003a475,已核验：标题页/前4页
reports/annual/2023/博敏电子股份有限公司_2023_f7a6a8779da6.pdf,博敏电子股份有限公司,CN:603936,年报,2023,未标特别版本,PDF,5096060,f7a6a8779da6fae0eb1a47f77d54c9c03288d56e62e712198dc76e9dec5236c6,已核验：标题页/前4页
reports/annual/2024/博敏电子股份有限公司_2024_419399852474.pdf,博敏电子股份有限公司,CN:603936,年报,2024,未标特别版本,PDF,1787849,4193998524741a58129b24b24e9d5c98b02ed2930c0020871cde3669bcfbaaae,已核验：标题页/前4页
reports/annual/2025/博敏电子股份有限公司_2025_a4ffca870851.pdf,博敏电子股份有限公司,CN:603936,年报,2025,未标特别版本,PDF,1565187,a4ffca870851e006863e753d4a3930e7b5236642c412737813480b25b0da2f80,已核验：标题页/前4页
reports/annual/2025/博通集成电路(上海)股份有限公司_2025_9aeaad708f93.pdf,博通集成电路（上海）股份有限公司,CN:603068,年报,2025,未标特别版本,PDF,1300454,9aeaad708f937d81f8289164f50cd549a05df7697b13332629709e7a64e1132d,已核验：标题页/前4页
reports/annual/2025/厦门乾照光电股份有限公司_2025_7ffc25ef43ec.pdf,厦门乾照光电股份有限公司,CN:300102,年报,2025,未标特别版本,PDF,1538737,7ffc25ef43ec12c444f91ed0594bdd0e7949d17d3e1f969031ed9b125411a3b4,已核验：标题页/前4页
reports/annual/2025/厦门亿联网络技术股份有限公司_2025_5ba5d667d55c.pdf,厦门亿联网络技术股份有限公司,CN:300628,年报,2025,未标特别版本,PDF,2373852,5ba5d667d55c02fc48599dd7d48e4967333e3bec5a384d627d165adacdc807c9,已核验：标题页/前4页
reports/annual/2025/厦门优迅芯片股份有限公司_2025_d3df9ad6d5f8.pdf,厦门优迅芯片股份有限公司,CN:688807,年报,2025,未标特别版本,PDF,1540459,d3df9ad6d5f87389687497c0f8761a1f37854b841008f998f8f9cf1dc8f8a370,已核验：标题页/前4页
reports/annual/2025/厦门光莆电子股份有限公司_2025_4974fe380214.pdf,厦门光莆电子股份有限公司,CN:300632,年报,2025,未标特别版本,PDF,2256811,4974fe38021483b3148f9ad7b87e2b7bef098e1632f4c4446290a4690c369544,已核验：标题页/前4页
reports/annual/2025/厦门弘信电子科技集团股份有限公司_2025_81079f6605b5.pdf,厦门弘信电子科技集团股份有限公司,CN:300657,年报,2025,未标特别版本,PDF,4246029,81079f6605b573bfb166eb45df08fb8f7466203015c62753b6cf07d634e09aa2,已核验：标题页/前4页
reports/annual/2025/厦门恒坤新材料科技股份有限公司_2025_df9b7c6b33b2.pdf,厦门恒坤新材料科技股份有限公司,CN:688727,年报,2025,未标特别版本,PDF,1667719,df9b7c6b33b2fb43a7fcfaaf9ca2e78d6049a5ebca8e77e609ef02bad8dd069e,已核验：标题页/前4页
reports/annual/2025/厦门法拉电子股份有限公司_2025_9c70b0deb814.pdf,厦门法拉电子股份有限公司,CN:600563,年报,2025,未标特别版本,PDF,1022887,9c70b0deb814d4c8b9c7dfba8e5135358c2970c607ad9223a9b49a8109cac120,已核验：标题页/前4页
reports/annual/2025/合力泰科技股份有限公司_2025_f9d02c93adc5.pdf,合力泰科技股份有限公司,CN:002217,年报,2025,未标特别版本,PDF,1792507,f9d02c93adc5891582998114fc9aa1a86ef1ca1aa7f5b6c6c20cc48e12a3c898,已核验：正文首页/前4页
reports/annual/2025/合肥新汇成微电子股份有限公司_2025_cb3577f0510b.pdf,合肥新汇成微电子股份有限公司,CN:688403,年报,2025,未标特别版本,PDF,1729496,cb3577f0510b8bd98fac8bcef6736f16199496f7658c66ec2ea8083431749821,已核验：标题页/前4页
reports/annual/2025/合肥晶合集成电路股份有限公司_2025_e670646db304.pdf,合肥晶合集成电路股份有限公司,CN:688249,年报,2025,未标特别版本,PDF,1776345,e670646db30465a17ab7072cdbfb9c8a6a6588ecfe06af7ca9166992f06c52de,已核验：标题页/前4页
reports/annual/2025/合肥颀中科技股份有限公司_2025_9ea8a936abb8.pdf,合肥颀中科技股份有限公司,CN:688352,年报,2025,未标特别版本,PDF,1626282,9ea8a936abb8a33ddb194c87e8e9a73ed0487a477865b96e45b3c56742a15cd9,已核验：标题页/前4页
reports/annual/2025/吉安满坤科技股份有限公司_2025_0cc86a1109b4.pdf,吉安满坤科技股份有限公司,CN:301132,年报,2025,未标特别版本,PDF,1254163,0cc86a1109b44b3dd9110f25905d263d588f49504a8bad712f7d6e412ce24ccb,已核验：标题页/前4页
reports/annual/2025/吉林华微电子股份有限公司_2025_c3fe162ace8e.pdf,吉林华微电子股份有限公司,CN:600360,年报,2025,未标特别版本,PDF,1333718,c3fe162ace8e063e1ecb1f6e20743d5fa24bb757d701c3df6288ce5986a8235c,已核验：标题页/前4页
reports/annual/2025/吉林奥来德光电材料股份有限公司_2025_1894f6bfc08a.pdf,吉林奥来德光电材料股份有限公司,CN:688378,年报,2025,未标特别版本,PDF,1627680,1894f6bfc08afaa3a2b0c4eb14dec5f5d868b4e12449dbf03e5ffc527d1a1dda,已核验：标题页/前4页
reports/annual/2025/唯捷创芯(天津)电子技术股份有限公司_2025_f4201eb87b5c.pdf,唯捷创芯（天津）电子技术股份有限公司,CN:688153,年报,2025,未标特别版本,PDF,1999871,f4201eb87b5c834407b886745cbce3390ee5b343931352061e954b8ea840fab6,已核验：标题页/前4页
reports/annual/2025/嘉兴中润光学科技股份有限公司_2025_fc503a80444f.pdf,嘉兴中润光学科技股份有限公司,CN:688307,年报,2025,未标特别版本,PDF,1855445,fc503a80444f65705cfe423000b0f7a4498e54d87870d613f80091e2635ca30f,已核验：标题页/前4页
reports/annual/2025/四会富仕电子科技股份有限公司_2025_16588605f623.pdf,四会富仕电子科技股份有限公司,CN:300852,年报,2025,未标特别版本,PDF,2058322,16588605f623316867f484bf820a01987b057b32682d13e3929f1ba52e96acc8,已核验：标题页/前4页
reports/annual/2025/四川中光防雷科技股份有限公司_2025_51956e39b0cf.pdf,四川中光防雷科技股份有限公司,CN:300414,年报,2025,未标特别版本,PDF,5186037,51956e39b0cf41c3668216fd66e26ee67914b7e1834e04a7ea01a38a60e65c3c,已核验：标题页/前4页
reports/annual/2025/四川华体照明科技股份有限公司_2025_76729b8616a9.pdf,四川华体照明科技股份有限公司,CN:603679,年报,2025,未标特别版本,PDF,2506789,76729b8616a9ee632ddeed623efea014ef2f2539d5647afa2599093bde6e6708,已核验：标题页/前4页
reports/annual/2025/四川天邑康和通信股份有限公司_2025_823275fbdd32.pdf,四川天邑康和通信股份有限公司,CN:300504,年报,2025,未标特别版本,PDF,1392212,823275fbdd3210e0864b150cfbb6dbc1291c56eab8b7fe3281bc97e46f80482c,已核验：标题页/前4页
reports/annual/2025/四川汇源光通信股份有限公司_2025_a00a674c9a93.pdf,四川汇源光通信股份有限公司,CN:000586,年报,2025,未标特别版本,PDF,1024201,a00a674c9a93f04ae4beb222058fdcb2ae0bb04dee4e5213b409e7f3d16996c7,已核验：标题页/前4页
reports/annual/2025/国民技术股份有限公司_2025_fe17ba64ce08.pdf,国民技术股份有限公司,CN:300077,年报,2025,未标特别版本,PDF,1678649,fe17ba64ce081b28232b48dc26b5e1dda5c6b147d8d92128b0e847e2a299d87a,已核验：标题页/前4页
reports/annual/2025/圣邦微电子(北京)股份有限公司_2025_2c6cc2667b3b.pdf,圣邦微电子（北京）股份有限公司,CN:300661,年报,2025,未标特别版本,PDF,1444615,2c6cc2667b3b736d22d7274f5e8903d8e4b880656639f5679978e1e10974a38f,已核验：标题页/前4页
reports/annual/2025/大唐电信科技股份有限公司_2025_0efd3b1b4f23.pdf,大唐电信科技股份有限公司,CN:600198,年报,2025,未标特别版本,PDF,1333347,0efd3b1b4f23fd03684d52972ff2e4d94723b8d60901f33f21c895abd39a0b0f,已核验：标题页/前4页
reports/annual/2025/大富科技(安徽)股份有限公司_2025_1b0b3cb458d2.pdf,大富科技（安徽）股份有限公司,CN:300134,年报,2025,未标特别版本,PDF,5652276,1b0b3cb458d20827c0930d3fbd3c4166e88e88eaabd64ae3f96bcb1d1e58543f,已核验：标题页/前4页
reports/annual/2025/大连达利凯普科技股份公司_2025_f1ce6a5a1140.pdf,大连达利凯普科技股份公司,CN:301566,年报,2025,未标特别版本,PDF,1001864,f1ce6a5a1140a521d6d117907da96d8fc57f8b9af4076bb1b76aed13063f2558,已核验：标题页/前4页
reports/annual/2025/天水华天科技股份有限公司_2025_f48ccf00cc32.pdf,天水华天科技股份有限公司,天水华天科技股份有限公司,年报,2025,未标特别版本,PDF,1208179,f48ccf00cc32cdcae6203aa8b4ed228f77b680dd5a852a753f5eb83b0bbc7ff0,已核验：标题页/前4页
reports/annual/2025/天津普林电路股份有限公司_2025_1919d3883d7f.pdf,天津普林电路股份有限公司,CN:002134,年报,2025,未标特别版本,PDF,1260783,1919d3883d7fae0fecbddd41653bd39e5859de767f70f15b1520d13d32cb414c,已核验：标题页/前4页
reports/annual/2025/天津经纬辉开光电股份有限公司_2025_bc796bf6c030.pdf,天津经纬辉开光电股份有限公司,CN:300120,年报,2025,未标特别版本,PDF,1344983,bc796bf6c0305e31caa3940bc8e33ba2d650cdaacefeac0727144f048855d804,已核验：标题页/前4页
reports/annual/2025/天津金海通半导体设备股份有限公司_2025_5053b4256835.pdf,天津金海通半导体设备股份有限公司,CN:603061,年报,2025,未标特别版本,PDF,1448035,5053b42568359f12f6e5eba0b3ad696f41492836fd3fda8fbe39ee53b4c43968,已核验：标题页/前4页
reports/annual/2025/天马微电子股份有限公司_2025_73da451fcbf6.pdf,天马微电子股份有限公司,CN:000050,年报,2025,未标特别版本,PDF,7295530,73da451fcbf607a4210113cd12678849c03f5d99cf5b77256ddfdb775ffb8c6e,已核验：正文首页/前4页
reports/annual/2025/奥士康科技股份有限公司_2025_435e46e2b540.pdf,奥士康科技股份有限公司,CN:002913,年报,2025,未标特别版本,PDF,1243713,435e46e2b540d19da6374fa0195bfaf118123ebbbe58cbaeb3885e4d50a1f86f,已核验：标题页/前4页
reports/annual/2025/奥比中光科技集团股份有限公司_2025_1fc239518451.pdf,奥比中光科技集团股份有限公司,CN:688322,年报,2025,未标特别版本,PDF,1958487,1fc239518451bfb2857a8fad29e8a1ce038f126f6e5ae014ce45fe4ff14f6a0e,已核验：标题页/前4页
reports/annual/2025/威胜信息技术股份有限公司_2025_9f0bd2f37b2a.pdf,威胜信息技术股份有限公司,CN:688100,年报,2025,未标特别版本,PDF,1994316,9f0bd2f37b2ad4e46583dc1c23844f34f3b705a5a667b3b68693cd4d3ab6baff,已核验：标题页/前4页
reports/annual/2025/宁波GQY视讯股份有限公司_2025_39b04b10ccc8.pdf,宁波GQY视讯股份有限公司,CN:300076,年报,2025,未标特别版本,PDF,1248478,39b04b10ccc8d85c6fbcaee2ebab3ed673e97f9472932028f20263e6b15f8140,已核验：标题页/前4页
reports/annual/2025/宁波康强电子股份有限公司_2025_dd09776a24e0.pdf,宁波康强电子股份有限公司,CN:002119,年报,2025,未标特别版本,PDF,1322115,dd09776a24e014e7bf44a4a36ac79afdb00821efc049ebb4ed39a89077eaedb9,已核验：标题页/前4页
reports/annual/2025/宁波永新光学股份有限公司_2025_42aa39fd74d7.pdf,宁波永新光学股份有限公司,CN:603297,年报,2025,未标特别版本,PDF,1380332,42aa39fd74d7fcf28ef6509b7ad42dcb642e38e5ebe04dfa318f296862d19b49,已核验：标题页/前4页
reports/annual/2025/宁波江丰电子材料股份有限公司_2025_c5108e68fba4.pdf,宁波江丰电子材料股份有限公司,CN:300666,年报,2025,未标特别版本,PDF,3261582,c5108e68fba47734e5275e82e21664e36cff35fbed126f77044cb53938f00597,已核验：标题页/前4页
reports/annual/2025/宁波激智科技股份有限公司_2025_3cd661266e0d.pdf,宁波激智科技股份有限公司,CN:300566,年报,2025,未标特别版本,PDF,1930372,3cd661266e0dd4a52a8b660f0c0125ce4617b439494301f42faf71f5023e830a,已核验：标题页/前4页
reports/annual/2025/宁波长阳科技股份有限公司_2025_ea0c1dcbd78c.pdf,宁波长阳科技股份有限公司,CN:688299,年报,2025,未标特别版本,PDF,1416513,ea0c1dcbd78cbf01980fefcbaf238d1aefec317953f4a00e7d20d0cefd8b1f4a,已核验：标题页/前4页
reports/annual/2025/安徽富乐德科技发展股份有限公司_2025_ab78ffd96219.pdf,安徽富乐德科技发展股份有限公司,CN:301297,年报,2025,未标特别版本,PDF,1524429,ab78ffd96219eba4a92abe62a31f4bf3cd59259f135654d346d9a76970ac1d27,已核验：标题页/前4页
reports/annual/2025/安徽晶赛科技股份有限公司_2025_5e3ae2e2da88.pdf,安徽晶赛科技股份有限公司,CN:920981,年报,2025,未标特别版本,PDF,2244649,5e3ae2e2da885e6a11dfd9364ff12ff8fb7267ef44e0bead29af6b77b951d2ac,已核验：标题页/前4页
reports/annual/2025/安徽耐科装备科技股份有限公司_2025_d0fcbba28ad4.pdf,安徽耐科装备科技股份有限公司,CN:688419,年报,2025,未标特别版本,PDF,1698468,d0fcbba28ad4b1bbf554af878a509c2f6bb0e097aab260f762406d6dbca8221f,已核验：标题页/前4页
reports/annual/2025/安徽芯动联科微系统股份有限公司_2025_5f3cb8e9a8ca.pdf,安徽芯动联科微系统股份有限公司,CN:688582,年报,2025,未标特别版本,PDF,1602647,5f3cb8e9a8ca1ee88339281a6be5a5327fb9ff8ca653eda0f4a5512b09b0d224,已核验：标题页/前4页
reports/annual/2025/安徽芯瑞达科技股份有限公司_2025_0addee2769ae.pdf,安徽芯瑞达科技股份有限公司,CN:002983,年报,2025,未标特别版本,PDF,1530970,0addee2769aefac74d2bf810f70d89427f18fc17cb33c8b0f10e389afd6fdeb6,已核验：标题页/前4页
reports/annual/2025/安徽铜峰电子股份有限公司_2025_ecc42ec951cb.pdf,安徽铜峰电子股份有限公司,CN:600237,年报,2025,未标特别版本,PDF,1440749,ecc42ec951cb9f928b84fdbede2a5e02dcbe35f430235c825b556c7892b6df17,已核验：标题页/前4页
reports/annual/2025/宝鼎科技股份有限公司_2025_25c7499376b2.pdf,宝鼎科技股份有限公司,CN:002552,年报,2025,未标特别版本,PDF,6245624,25c7499376b2000ad76e44bf5a843f16f746b9f5b58434dd1ecb07bcc9e9f5e4,已核验：标题页/前4页
reports/annual/2025/宸展光电(厦门)股份有限公司_2025_82e25738be5e.pdf,宸展光电（厦门）股份有限公司,CN:003019,年报,2025,未标特别版本,PDF,4805340,82e25738be5e50979da97c42fcb44df7ae3b42291dba2241d550f088d02825bf,已核验：标题页/前4页
reports/annual/2025/富满微电子集团股份有限公司_2025_e87e5bfda8bc.pdf,富满微电子集团股份有限公司,CN:300671,年报,2025,未标特别版本,PDF,1177913,e87e5bfda8bc7fdda4fc814ae5a253473afc6061381df60514db43b93141fa9d,已核验：标题页/前4页
reports/annual/2025/山东天岳先进科技股份有限公司_2025_b1a71781e6a4.pdf,山东天岳先进科技股份有限公司,CN:688234,年报,2025,未标特别版本,PDF,1660856,b1a71781e6a4b3aeb29a76d911a5db4dd749f66eb073b1e712243eef5ca18701,已核验：标题页/前4页
reports/annual/2025/峰岹科技(深圳)股份有限公司_2025_0729a4c4d6e5.pdf,峰岹科技（深圳）股份有限公司,CN:688279,年报,2025,未标特别版本,PDF,1827454,0729a4c4d6e56c09c6a7e0a60e3dfef42228aa37c161934644c8869d1a7b080f,已核验：标题页/前4页
reports/annual/2025/崇达技术股份有限公司_2025_179df7857796.pdf,崇达技术股份有限公司,CN:002815,年报,2025,未标特别版本,PDF,1730255,179df78577963bfeb87e2ee867804065073324f8b2f1f0ac923c4dcde65e8924,已核验：标题页/前4页
reports/annual/2025/希荻微电子集团股份有限公司_2025_ad300b9bb5a1.pdf,希荻微电子集团股份有限公司,CN:688173,年报,2025,未标特别版本,PDF,3964652,ad300b9bb5a1ca83433e288b90e181090637d9d606d61b9149c682bf4c9f3a9a,已核验：标题页/前4页
reports/annual/2025/常州中英科技股份有限公司_2025_175b493b4f69.pdf,常州中英科技股份有限公司,CN:300936,年报,2025,未标特别版本,PDF,1110261,175b493b4f6982bc745780bc9d7b8b8bb36b4c21060d0dc71a90100275e84aa6,已核验：标题页/前4页
reports/annual/2025/常州澳弘电子股份有限公司_2025_f70bb99d9bba.pdf,常州澳弘电子股份有限公司,CN:605058,年报,2025,未标特别版本,PDF,1697493,f70bb99d9bbacb4ed70fe7773b433a04585eae936cb151a9130ace118b6913e5,已核验：标题页/前4页
reports/annual/2025/常州银河世纪微电子股份有限公司_2025_d891b7be4ce8.pdf,常州银河世纪微电子股份有限公司,CN:688689,年报,2025,未标特别版本,PDF,1586674,d891b7be4ce813e64995ee2cd4e6b63984db6d0064aea3123661a3acf9ee2e9e,已核验：标题页/前4页
reports/annual/2020/平安银行股份有限公司_2020_12343a4d12fe.pdf,平安银行股份有限公司,CN:000001,年报,2020,未标特别版本,PDF,10661491,12343a4d12fe01713628d9268220dc525c12f4015deb0cb068bd746683664127,已核验：正文首页/前4页
reports/annual/2025/广东世运电路科技股份有限公司_2025_b75f196c22f9.pdf,广东世运电路科技股份有限公司,CN:603920,年报,2025,未标特别版本,PDF,2298742,b75f196c22f9b12a0cb7d0dfc6d6203c743b4ef270b94f2594252abd3dec83ff,已核验：标题页/前4页
reports/annual/2024/广东依顿电子科技股份有限公司_2024_413dc3cd2894.pdf,广东依顿电子科技股份有限公司,CN:603328,年报,2024,未标特别版本,PDF,4092551,413dc3cd289488a50a137441b43c33aa4e2b2537480871423ff60f3ffeca0519,已核验：标题页/前4页
reports/annual/2025/广东依顿电子科技股份有限公司_2025_8cb174e1f2a8.pdf,广东依顿电子科技股份有限公司,CN:603328,年报,2025,未标特别版本,PDF,1372052,8cb174e1f2a85bcc76354c31983980bb9d235f46bf9b8844058cd57ed3b6164d,已核验：标题页/前4页
reports/annual/2025/广东利扬芯片测试股份有限公司_2025_be7bd716ae10.pdf,广东利扬芯片测试股份有限公司,CN:688135,年报,2025,未标特别版本,PDF,1743273,be7bd716ae1061545c9161d853314ff8e05331a2144774446396b7bd0d4f854f,已核验：标题页/前4页
reports/annual/2025/广东奥迪威传感科技股份有限公司_2025_fb990396ad53.pdf,广东奥迪威传感科技股份有限公司,CN:920491,年报,2025,未标特别版本,PDF,2558022,fb990396ad538871517aedda8cb97f1ca27cfd89e02967a5fd5b644933be3918,已核验：正文首页/前4页
reports/annual/2025/广东弘景光电科技股份有限公司_2025_3c8d346e1351.pdf,广东弘景光电科技股份有限公司,CN:301479,年报,2025,未标特别版本,PDF,5146628,3c8d346e1351c078a80f771b0478f3dfd92f8e3e55aceb60540cbe4e806ed83b,已核验：标题页/前4页
reports/annual/2025/广东惠伦晶体科技股份有限公司_2025_8458663e67c6.pdf,广东惠伦晶体科技股份有限公司,CN:300460,年报,2025,未标特别版本,PDF,4899457,8458663e67c6f97fb744825081d40b38cb0512f97c6de5df06f84b23d83056f7,已核验：标题页/前4页
reports/annual/2025/广东欧莱高新材料股份有限公司_2025_cf32d79cb6c6.pdf,广东欧莱高新材料股份有限公司,CN:688530,年报,2025,未标特别版本,PDF,1855370,cf32d79cb6c6872e5b3958edecdad3bbdf45da06b6e6a43993b6d9cfe72bb645,已核验：标题页/前4页
reports/annual/2025/广东汕头超声电子股份有限公司_2025_791ca9cb3fee.pdf,广东汕头超声电子股份有限公司,CN:000823,年报,2025,未标特别版本,PDF,4630006,791ca9cb3fee151dc2314735e9224067b49503c6b082691c30168908af0b88ea,已核验：标题页/前4页
reports/annual/2024/广东生益科技股份有限公司_2024_40f511c9a9f3.pdf,广东生益科技股份有限公司,CN:600183,年报,2024,未标特别版本,PDF,1896423,40f511c9a9f32fe67851a20d3d864bdd2810f6bb57e2db6ae4ccc11b4bcc5690,已核验：标题页/前4页
reports/annual/2024/广东生益科技股份有限公司_2024_正式报告摘要_b6855252b3ee.pdf,广东生益科技股份有限公司,CN:600183,年报,2024,正式报告摘要,PDF,632540,b6855252b3ee2820e95a16379da54c4c00355f27909cd6382e5fc5fd5506d081,已核验：标题页/前4页
reports/annual/2025/广东生益科技股份有限公司_2025_cf39d9c70143.pdf,广东生益科技股份有限公司,CN:600183,年报,2025,未标特别版本,PDF,1799800,cf39d9c7014358ef47ff0e38d3ae91cb9827c22432309b501165eafa95f00435,已核验：标题页/前4页
reports/annual/2024/广东盛路通信科技股份有限公司_2024_9681db45c74d.pdf,广东盛路通信科技股份有限公司,CN:002446,年报,2024,未标特别版本,PDF,4939784,9681db45c74dab8a69fe002ad232e4b24ad4cedee2478dfe3d14e656e1b06bb5,已核验：正文首页/前4页
reports/annual/2025/广东盛路通信科技股份有限公司_2025_1210ee1cd530.pdf,广东盛路通信科技股份有限公司,CN:002446,年报,2025,未标特别版本,PDF,2070731,1210ee1cd530c2ea1a33dddc3657efcf77ccae1358b848969e52fa4e9885242d,已核验：标题页/前4页
reports/annual/2025/广东科翔电子科技股份有限公司_2025_938b8d4d1550.pdf,广东科翔电子科技股份有限公司,CN:300903,年报,2025,未标特别版本,PDF,1373294,938b8d4d15507f30cf118f304f344acdaa29e40d7fc67f48ab703a242fc75ca2,已核验：标题页/前4页
reports/annual/2025/广东美信科技股份有限公司_2025_c39bc98e8d56.pdf,广东美信科技股份有限公司,CN:301577,年报,2025,未标特别版本,PDF,1675640,c39bc98e8d56c55f9644884ef99e30ec480e59ca2092a05fc0e191073e936c22,已核验：标题页/前4页
reports/annual/2025/广东赛微微电子股份有限公司_2025_a49df2019080.pdf,广东赛微微电子股份有限公司,CN:688325,年报,2025,未标特别版本,PDF,1721332,a49df2019080a33bf7a885349c20991b8f4ad5a490c1bcbe99a0dcb75b06e6d5,已核验：标题页/前4页
reports/annual/2025/广东通宇通讯股份有限公司_2025_dabd7b00b296.pdf,广东通宇通讯股份有限公司,CN:002792,年报,2025,未标特别版本,PDF,1461028,dabd7b00b296cebcf3210123414dc8947c8532916294e6c48143fe6eeac248bb,已核验：标题页/前4页
reports/annual/2025/广东风华高新科技股份有限公司_2025_20d45899adb0.pdf,广东风华高新科技股份有限公司,CN:000636,年报,2025,未标特别版本,PDF,6444289,20d45899adb0c022768919523393ec9493b872672456f2ec19843c96cd7980af,已核验：标题页/前4页
reports/annual/2025/广东骏亚电子科技股份有限公司_2025_2295f2159387.pdf,广东骏亚电子科技股份有限公司,CN:603386,年报,2025,未标特别版本,PDF,1415506,2295f21593871ef99fd05b0e4d24215d28046357d64841f4dc5d1c269ac8bf2f,已核验：标题页/前4页
reports/annual/2025/广州安凯微电子股份有限公司_2025_ee3efc884f00.pdf,广州安凯微电子股份有限公司,CN:688620,年报,2025,未标特别版本,PDF,1659574,ee3efc884f00f231012e521cf60049d12972bbee12a538f90e1e48205d983222,已核验：标题页/前4页
reports/annual/2025/广州广合科技股份有限公司_2025_ff29ff5cd45d.pdf,广州广合科技股份有限公司,CN:001389,年报,2025,未标特别版本,PDF,3054651,ff29ff5cd45d428fc7e8f9840b6e05cf72805bad6bd6b43460c179a5f410b54c,已核验：标题页/前4页
reports/annual/2025/广州广哈通信股份有限公司_2025_e50da7b5cd26.pdf,广州广哈通信股份有限公司,CN:300711,年报,2025,未标特别版本,PDF,3703814,e50da7b5cd26392b21512d340107294510da53127c7a528b0128af42dbf1a9e5,已核验：标题页/前4页
reports/annual/2024/广州思林杰科技股份有限公司_2024_825521db56db.pdf,广州思林杰科技股份有限公司,CN:688115,年报,2024,未标特别版本,PDF,3755307,825521db56dba0d18c81d659b19db2d83267b586b0d266f822b58b7ed01dd21c,已核验：标题页/前4页
reports/annual/2025/广州思林杰科技股份有限公司_2025_bb301aa97ef1.pdf,广州思林杰科技股份有限公司,CN:688115,年报,2025,未标特别版本,PDF,2963150,bb301aa97ef14fad2817958f2d7c83b8fa9236303bc5fc47fd0e1946c45f55e2,已核验：标题页/前4页
reports/annual/2025/广州慧智微电子股份有限公司_2025_6c31fa464fdb.pdf,广州慧智微电子股份有限公司,CN:688512,年报,2025,未标特别版本,PDF,1649073,6c31fa464fdb594c96d28a91b131a7042abe9a366c05dc01250d829e772cee8a,已核验：标题页/前4页
reports/annual/2025/广州方邦电子股份有限公司_2025_066315de40d1.pdf,广州方邦电子股份有限公司,CN:688020,年报,2025,未标特别版本,PDF,1863637,066315de40d12d5a737a0eea15c107d1a732da4cad8d1426c6f96cc42ac15219,已核验：标题页/前4页
reports/annual/2025/广西天山电子股份有限公司_2025_87f8b9e2f2dd.pdf,广西天山电子股份有限公司,CN:301379,年报,2025,未标特别版本,PDF,1640498,87f8b9e2f2ddcabea99b1e6e85aedc66bceda18291a60968802aea37b678b7e7,已核验：标题页/前4页
reports/annual/2025/强一半导体(苏州)股份有限公司_2025_409f3fa2a1a6.pdf,强一半导体（苏州）股份有限公司,CN:688809,年报,2025,未标特别版本,PDF,1733047,409f3fa2a1a6b2dacb1c89b802885eaffb472c5addf6029922b8f7c58c227bd0,已核验：标题页/前4页
reports/annual/2025/彩虹显示器件股份有限公司_2025_2b0a14687321.pdf,彩虹显示器件股份有限公司,CN:600707,年报,2025,未标特别版本,PDF,1314945,2b0a14687321e0bb7c02ea4239e3d0c21f0500f8b46f2fb9edc70fa2a45ebeeb,已核验：标题页/前4页
reports/annual/2023/快克智能装备股份有限公司_2023_37b4c28ad024.pdf,快克智能装备股份有限公司,CN:603203,年报,2023,未标特别版本,PDF,4514367,37b4c28ad024c4a66d24c91aa03243b95fd3874c780ebbddcc061e332bdd8a69,已核验：标题页/前4页
reports/annual/2024/快克智能装备股份有限公司_2024_8e2f35fdb80a.pdf,快克智能装备股份有限公司,CN:603203,年报,2024,未标特别版本,PDF,1990572,8e2f35fdb80a2b494242464fb9e85e3220583c467ca7f4f95450ef75122f569c,已核验：标题页/前4页
reports/annual/2025/快克智能装备股份有限公司_2025_a8526267b8ef.pdf,快克智能装备股份有限公司,CN:603203,年报,2025,未标特别版本,PDF,1746539,a8526267b8ef26a079784d3bf280a345d52ee4b0901f3943bf7f0e9665aa37b3,已核验：标题页/前4页
reports/annual/2025/思特威(上海)电子科技股份有限公司_2025_4dfdc6948612.pdf,思特威（上海）电子科技股份有限公司,CN:688213,年报,2025,未标特别版本,PDF,1820159,4dfdc694861205cc1c2d789016b61c68eeb08c2fa5e7e7fbbeeb4b43cda9fd72,已核验：标题页/前4页
reports/annual/2025/思瑞浦微电子科技(苏州)股份有限公司_2025_d28e55b54533.pdf,思瑞浦微电子科技（苏州）股份有限公司,CN:688536,年报,2025,未标特别版本,PDF,1869564,d28e55b545335aa324d9481177776ba5859a820da5097e0a101736d8d7636a3d,已核验：标题页/前4页
reports/annual/2025/恒宝股份有限公司_2025_7dbc9a7a4cc3.pdf,恒宝股份有限公司,CN:002104,年报,2025,未标特别版本,PDF,1343418,7dbc9a7a4cc39c05d4b0fc913c31386e4b093887de7f5615a622a0aaf21c3d3c,已核验：标题页/前4页
reports/annual/2025/恒烁半导体(合肥)股份有限公司_2025_10b647928330.pdf,恒烁半导体（合肥）股份有限公司,CN:688416,年报,2025,未标特别版本,PDF,1516535,10b6479283302bebcd797b7409636bad59f771604a57580b06ee2679d3ef4430,已核验：标题页/前4页
reports/annual/2025/恒玄科技(上海)股份有限公司_2025_dbd77e5f3a4e.pdf,恒玄科技（上海）股份有限公司,CN:688608,年报,2025,未标特别版本,PDF,1452346,dbd77e5f3a4e52b04850ebcbc8c6792dde077442e37f5d1caec377414ca70daa,已核验：标题页/前4页
reports/annual/2025/惠州中京电子科技股份有限公司_2025_33212e340b17.pdf,惠州中京电子科技股份有限公司,CN:002579,年报,2025,未标特别版本,PDF,1100382,33212e340b1795b3b6c6f588d5fd76d73cef4131c629a0aafcf28d9bbd4c2858,已核验：标题页/前4页
reports/annual/2025/成都华微电子科技股份有限公司_2025_82fa6634e7f2.pdf,成都华微电子科技股份有限公司,CN:688709,年报,2025,未标特别版本,PDF,1879289,82fa6634e7f2a0073a4cc5e7e5cbc3c792bce32244e83447daab82bb38d161ec,已核验：标题页/前4页
reports/annual/2025/成都坤恒顺维科技股份有限公司_2025_045879e2d103.pdf,成都坤恒顺维科技股份有限公司,CN:688283,年报,2025,未标特别版本,PDF,2562750,045879e2d10389a7c23ce8864d87cdec73173fb3ba5a53ef2c13ec0df237b1b7,已核验：标题页/前4页
reports/annual/2023/成都新易盛通信技术股份有限公司_2023_ce36d96ed95c.pdf,成都新易盛通信技术股份有限公司,CN:300502,年报,2023,未标特别版本,PDF,8115195,ce36d96ed95c6cabc7acfe077c8e316eb88a01b267e78ab731b5c660c73e9e32,已核验：标题页/前4页
reports/annual/2024/成都新易盛通信技术股份有限公司_2024_148155f6d95c.pdf,成都新易盛通信技术股份有限公司,CN:300502,年报,2024,未标特别版本,PDF,8849287,148155f6d95c86f8f77c6aa5ec7e486e97cea2e9f73c9aaa235079df94140aec,已核验：标题页/前4页
reports/annual/2025/成都新易盛通信技术股份有限公司_2025_3432905a431a.pdf,成都新易盛通信技术股份有限公司,CN:300502,年报,2025,未标特别版本,PDF,2902416,3432905a431a8254c2274c2188269e94cfc5a69e92c7d34332a5a3a7da8b15b6,已核验：标题页/前4页
reports/annual/2025/扬州扬杰电子科技股份有限公司_2025_1d7975d730b8.pdf,扬州扬杰电子科技股份有限公司,CN:300373,年报,2025,未标特别版本,PDF,1259193,1d7975d730b8de0a463ac4abc7d42c012f6465afc55721e38dff6919adf5985f,已核验：标题页/前4页
reports/annual/2023/拓荆科技股份有限公司_2023_2359d2576a6d.pdf,拓荆科技股份有限公司,CN:688072,年报,2023,未标特别版本,PDF,6028983,2359d2576a6db37426344e02a07f70a5b0ea58e86935f5bde2cd95d31707cc68,已核验：标题页/前4页
reports/annual/2024/拓荆科技股份有限公司_2024_15c7ebbcbe4c.pdf,拓荆科技股份有限公司,CN:688072,年报,2024,未标特别版本,PDF,3315003,15c7ebbcbe4cefc422885f4ff30789700b8a51aed4e33274528f153e0bbb1bdb,已核验：标题页/前4页
reports/annual/2025/拓荆科技股份有限公司_2025_f20bb2aa4dc1.pdf,拓荆科技股份有限公司,CN:688072,年报,2025,未标特别版本,PDF,3143304,f20bb2aa4dc1a597d94f265e46b22e3b3e97c2d5b169a456b52c8856103fe840,已核验：标题页/前4页
reports/annual/2025/摩尔线程智能科技(北京)股份有限公司_2025_0471768febdf.pdf,摩尔线程智能科技（北京）股份有限公司,CN:688795,年报,2025,未标特别版本,PDF,1613692,0471768febdf06421315284e1fc03b8d9a8da9c7f03be38ac7ab4d6a2a525586,已核验：标题页/前4页
reports/annual/2025/斯达半导体股份有限公司_2025_f9ce996cb53e.pdf,斯达半导体股份有限公司,CN:603290,年报,2025,未标特别版本,PDF,1327777,f9ce996cb53e75dd722ff058d6c7930bee517a44bef9e2c04ea835f348113d6e,已核验：标题页/前4页
reports/annual/2025/新恒汇电子股份有限公司_2025_2080520eaf84.pdf,新恒汇电子股份有限公司,CN:301678,年报,2025,未标特别版本,PDF,1558240,2080520eaf84e75bb23135010490526d1c3d55c9a20f45e5d1f229013fab6f31,已核验：标题页/前4页
reports/annual/2025/方正科技集团股份有限公司_2025_2ca1f38bdf84.pdf,方正科技集团股份有限公司,CN:600601,年报,2025,未标特别版本,PDF,1439616,2ca1f38bdf843f8af88642b44e14a4286f7e5535ac2a92ab2f6a117615a014fd,已核验：标题页/前4页
reports/annual/2025/无锡力芯微电子股份有限公司_2025_dcb931599c36.pdf,无锡力芯微电子股份有限公司,CN:688601,年报,2025,未标特别版本,PDF,1494662,dcb931599c36c3a50a8c18de088721cc7338017a0171e93ec0b67ca375c0c018,已核验：标题页/前4页
reports/annual/2023/无锡奥特维科技股份有限公司_2023_cf534fbad4f4.pdf,无锡奥特维科技股份有限公司,CN:688516,年报,2023,未标特别版本,PDF,5226819,cf534fbad4f4c018fc44b16daa271da3d0985c38a26bd43135cebeb06c99136f,已核验：标题页/前4页
reports/annual/2024/无锡奥特维科技股份有限公司_2024_8a2787d8ed3b.pdf,无锡奥特维科技股份有限公司,CN:688516,年报,2024,未标特别版本,PDF,1820485,8a2787d8ed3b5ddaa751ab5d5637b8adfd3eb7b984373f09ccb15a672076d499,已核验：标题页/前4页
reports/annual/2025/无锡奥特维科技股份有限公司_2025_b8060cf0a985.pdf,无锡奥特维科技股份有限公司,CN:688516,年报,2025,未标特别版本,PDF,1746950,b8060cf0a98504d7f1fde3621ebb2cc55dd83304cb978aacd0dec19d6f473ad0,已核验：标题页/前4页
reports/annual/2023/无锡市德科立光电子技术股份有限公司_2023_a4ffa330343f.pdf,无锡市德科立光电子技术股份有限公司,CN:688205,年报,2023,未标特别版本,PDF,4067545,a4ffa330343fbb5458187415b05161400cd022639b62be011215cf50c934a733,已核验：标题页/前4页
reports/annual/2024/无锡市德科立光电子技术股份有限公司_2024_7e322a4a8512.pdf,无锡市德科立光电子技术股份有限公司,CN:688205,年报,2024,未标特别版本,PDF,1582045,7e322a4a851250ed31ac607a6890e6e673c34ecd0e7124d19e14612dbdffb423,已核验：标题页/前4页
reports/annual/2025/无锡市德科立光电子技术股份有限公司_2025_983911114b32.pdf,无锡市德科立光电子技术股份有限公司,CN:688205,年报,2025,未标特别版本,PDF,1610403,983911114b3218db00ac1413dcaaedea30b54c2c2bed67c41d6b00099e083a7e,已核验：标题页/前4页
reports/annual/2025/无锡新洁能股份有限公司_2025_528486d6403f.pdf,无锡新洁能股份有限公司,CN:605111,年报,2025,未标特别版本,PDF,2514231,528486d6403f555c065aa93ef9a1e55350deaceedb8f44ca878a79c96f6f47b4,已核验：标题页/前4页
reports/annual/2025/无锡盛景微电子股份有限公司_2025_d9e5d0ede1d4.pdf,无锡盛景微电子股份有限公司,CN:603375,年报,2025,未标特别版本,PDF,1566186,d9e5d0ede1d4cdcc526f8e3d6065287ee2b9eba96ded69e2bb9d71d798a52901,已核验：标题页/前4页
reports/annual/2025/无锡芯朋微电子股份有限公司_2025_4c29fe19c0a2.pdf,无锡芯朋微电子股份有限公司,CN:688508,年报,2025,未标特别版本,PDF,1656016,4c29fe19c0a24c0e0e611f841a1b9567417ab9b859f66cb6c7c595b6ba116b5f,已核验：正文首页/前4页
reports/annual/2025/无锡路通视信网络股份有限公司_2025_36c11f88cf78.pdf,无锡路通视信网络股份有限公司,CN:300555,年报,2025,未标特别版本,PDF,1372988,36c11f88cf786beebbd0f68f2f454d4cbc8ee7678aa4615e3a5437ef8f8c58dd,已核验：标题页/前4页
reports/annual/2025/日海智能科技股份有限公司_2025_7fd218697271.pdf,日海智能科技股份有限公司,CN:002313,年报,2025,未标特别版本,PDF,2573242,7fd218697271976707c6b28f479d807c489183a303fdd8a0fb1c4c25fc9083b1,已核验：标题页/前4页
reports/annual/2025/昆山万源通电子科技股份有限公司_2025_6843a163d7b5.pdf,昆山万源通电子科技股份有限公司,CN:920060,年报,2025,未标特别版本,PDF,2763058,6843a163d7b52cbfdd6b76d9c8f00e8255a6a9c7cbc2d498938f84d2465d7e67,已核验：正文首页/前4页
reports/annual/2025/昆山龙腾光电股份有限公司_2025_b3aa1650d9ab.pdf,昆山龙腾光电股份有限公司,CN:688055,年报,2025,未标特别版本,PDF,1498979,b3aa1650d9ab9bdc5fef2c34c6e6b3f073519ee873ce93524e033a51ba079aad,已核验：标题页/前4页
reports/annual/2025/星宸科技股份有限公司_2025_38bb6ebaae43.pdf,星宸科技股份有限公司,CN:301536,年报,2025,未标特别版本,PDF,2374075,38bb6ebaae435469e0af8b0b8a8b517ade91386ba9805d5d9187828d1c68e615,已核验：标题页/前4页
reports/annual/2025/普冉半导体(上海)股份有限公司_2025_85c471999d07.pdf,普冉半导体（上海）股份有限公司,CN:688766,年报,2025,未标特别版本,PDF,2009566,85c471999d074fbdfd30251044d00196032c71f4826941bc165445cfd6a2a2fe,已核验：标题页/前4页
reports/annual/2023/普源精电科技股份有限公司_2023_14001241e643.pdf,普源精电科技股份有限公司,CN:688337,年报,2023,未标特别版本,PDF,4843686,14001241e6431a57f4f56ef034335152b2f004df03b7b1e56863c7add35ebe73,已核验：标题页/前4页
reports/annual/2024/普源精电科技股份有限公司_2024_8d3294c5c575.pdf,普源精电科技股份有限公司,CN:688337,年报,2024,未标特别版本,PDF,5291781,8d3294c5c575e4159661a730f4b0006d7151261cb87dc6440c2ff3c7382819bc,已核验：标题页/前4页
reports/annual/2025/普源精电科技股份有限公司_2025_164ca07a2e1a.pdf,普源精电科技股份有限公司,CN:688337,年报,2025,未标特别版本,PDF,2566217,164ca07a2e1a2c3367a64b5eb89ce9bb80f9bff61ae58d75621f0cbb5598ca1a,已核验：标题页/前4页
reports/annual/2025/晶晨半导体(上海)股份有限公司_2025_a995a973bbd7.pdf,晶晨半导体（上海）股份有限公司,CN:688099,年报,2025,未标特别版本,PDF,3834340,a995a973bbd7dc73c492e64e70bb87d62c9f032a67539faba07982a69bd89d5e,已核验：标题页/前4页
reports/annual/2025/曙光信息产业股份有限公司_2025_96e0142fab58.pdf,曙光信息产业股份有限公司,CN:603019,年报,2025,未标特别版本,PDF,1897948,96e0142fab587c141645fdb1ef411fc13ae3940bbb7c06eb3831f480d5af7241,已核验：标题页/前4页
reports/annual/2025/有研半导体硅材料股份公司_2025_62928fff6987.pdf,有研半导体硅材料股份公司,CN:688432,年报,2025,未标特别版本,PDF,1587378,62928fff69877f1340750401050ea9e7b2eb31b77955d63ae197580abbcc6b63,已核验：标题页/前4页
reports/annual/2025/有研新材料股份有限公司_2025_eded66de7b33.pdf,有研新材料股份有限公司,CN:600206,年报,2025,未标特别版本,PDF,1424867,eded66de7b33183bd34917268852bf862b322e7f7f0d7d35d94b97f003e9df0b,已核验：标题页/前4页
reports/annual/2025/木林森股份有限公司_2025_99a0fb5dc086.pdf,木林森股份有限公司,CN:002745,年报,2025,未标特别版本,PDF,4774597,99a0fb5dc0864f6dce26a0d82abccfa5de3ce56a970ad71eb7e9bac0e1e77dda,已核验：标题页/前4页
reports/annual/2025/杭州万隆光电设备股份有限公司_2025_b9b38e2775f3.pdf,杭州万隆光电设备股份有限公司,CN:300710,年报,2025,未标特别版本,PDF,1118453,b9b38e2775f3ca62f0449901d93ab053d41defac69d33fb04992c2857276b034,已核验：标题页/前4页
reports/annual/2025/杭州士兰微电子股份有限公司_2025_95da375bbe3d.pdf,杭州士兰微电子股份有限公司,CN:600460,年报,2025,未标特别版本,PDF,1390694,95da375bbe3dab2ce3fcc2f3e3f646541a805f069a2b0714cafe8aa03cca7459,已核验：标题页/前4页
reports/annual/2025/杭州晶华微电子股份有限公司_2025_a405a486f132.pdf,杭州晶华微电子股份有限公司,CN:688130,年报,2025,未标特别版本,PDF,2031175,a405a486f132703d85eb5da87ec0c70dd692949687cde8851f5c75a805b9d25e,已核验：标题页/前4页
reports/annual/2025/杭州立昂微电子股份有限公司_2025_501cbb4f466f.pdf,杭州立昂微电子股份有限公司,CN:605358,年报,2025,未标特别版本,PDF,1490997,501cbb4f466fd4cd564ff4d0bfe62059ee4e23a6660564ac8d1312458a8f3418,已核验：标题页/前4页
reports/annual/2025/杭州美迪凯光电科技股份有限公司_2025_4072a4882c82.pdf,杭州美迪凯光电科技股份有限公司,CN:688079,年报,2025,未标特别版本,PDF,2088970,4072a4882c82bea040963cd4d766537eb0763389e2f4b11dbd13c0301e012549,已核验：标题页/前4页
reports/annual/2025/杭州长川科技股份有限公司_2025_eecb38809209.pdf,杭州长川科技股份有限公司,CN:300604,年报,2025,未标特别版本,PDF,1413390,eecb3880920986d87b304aa8ca894dbbfd249ac035274d4c38fd2e8cbf65fe91,已核验：标题页/前4页
reports/annual/2025/杰华特微电子股份有限公司_2025_76606c9d8391.pdf,杰华特微电子股份有限公司,CN:688141,年报,2025,未标特别版本,PDF,2144178,76606c9d8391dc9188581fd04f65878d370c3fd2a858ef97d2be8d98d6181d13,已核验：标题页/前4页
reports/annual/2025/格兰康希通信科技(上海)股份有限公司_2025_424ddf1df034.pdf,格兰康希通信科技（上海）股份有限公司,CN:688653,年报,2025,未标特别版本,PDF,2605627,424ddf1df0347ee2d15c22adbe9a8dca992a3b2f31d51e3ee80246a16f38fd39,已核验：标题页/前4页
reports/annual/2025/格科微有限公司_2025_27295b45f7df.pdf,格科微有限公司,CN:688728,年报,2025,未标特别版本,PDF,1617573,27295b45f7dfd3e04b607ceb8fedb7f7fc75bb749d12a333ee36a42c5dba8d10,已核验：正文首页/前4页
reports/annual/2025/森霸传感科技股份有限公司_2025_92393d41f5b7.pdf,森霸传感科技股份有限公司,CN:300701,年报,2025,未标特别版本,PDF,2336257,92393d41f5b730ca59ced54bd373ec3c08befc46b0cbe157bdc56737884c21d4,已核验：标题页/前4页
reports/annual/2025/楚天龙股份有限公司_2025_f7345026fcb4.pdf,楚天龙股份有限公司,CN:003040,年报,2025,未标特别版本,PDF,1425781,f7345026fcb45b7878b5d56f7aa8160530be3d4cb70dc79df2bdc5da9b6efdb4,已核验：标题页/前4页
reports/annual/2025/欧菲光集团股份有限公司_2025_f6347ccf388e.pdf,欧菲光集团股份有限公司,CN:002456,年报,2025,未标特别版本,PDF,5669187,f6347ccf388e116d26bf8c790ec09a2f34b8d05170d2fc753e386b4c0289e11e,已核验：标题页/前4页
reports/annual/2023/武汉光迅科技股份有限公司_2023_da9c5b92a92e.pdf,武汉光迅科技股份有限公司,CN:002281,年报,2023,未标特别版本,PDF,1183125,da9c5b92a92e6d776d575a4d9b4c3812f300b562950fc91ee0ad3d371087bc61,已核验：标题页/前4页
reports/annual/2024/武汉光迅科技股份有限公司_2024_a4f57ef8f378.pdf,武汉光迅科技股份有限公司,CN:002281,年报,2024,未标特别版本,PDF,3905599,a4f57ef8f3787cde4b73bf6547a4bf1011859cba22225b5a2eb5bf3580ac4281,已核验：标题页/前4页
reports/annual/2025/武汉光迅科技股份有限公司_2025_8363cd690d29.pdf,武汉光迅科技股份有限公司,CN:002281,年报,2025,未标特别版本,PDF,1515825,8363cd690d29f4d6f913339f9dc7a70b7bc14f260f0140175c5cb45593053869,已核验：标题页/前4页
reports/annual/2025/武汉凡谷电子技术股份有限公司_2025_9177074d55b2.pdf,武汉凡谷电子技术股份有限公司,CN:002194,年报,2025,未标特别版本,PDF,4956275,9177074d55b2c5d0430760eedf4b5d204cc0ffcced7fe4da05a8725af9a09a8c,已核验：标题页/前4页
reports/annual/2025/武汉天喻信息产业股份有限公司_2025_743f1ba4fd44.pdf,武汉天喻信息产业股份有限公司,CN:300205,年报,2025,未标特别版本,PDF,3834159,743f1ba4fd442512e45d39aa73ca93fc9418c4b10b40632ba8016663dac3a11f,已核验：标题页/前4页
reports/annual/2024/武汉精测电子集团股份有限公司_2024_021285660eb5.pdf,武汉精测电子集团股份有限公司,CN:300567,年报,2024,未标特别版本,PDF,1890807,021285660eb53e1e5d56f45d301497e80a2789b8b16cad4c2f3a399dc57bd319,已核验：标题页/前4页
reports/annual/2025/武汉精测电子集团股份有限公司_2025_9ef5fd198145.pdf,武汉精测电子集团股份有限公司,CN:300567,年报,2025,未标特别版本,PDF,2112127,9ef5fd1981452067cec30a69dae336f0c2aa7e7d7105aeb4e819f05c99c0a32b,已核验：标题页/前4页
reports/annual/2023/武汉联特科技股份有限公司_2023_8603c64acc41.pdf,武汉联特科技股份有限公司,CN:301205,年报,2023,未标特别版本,PDF,4235126,8603c64acc418b488a14b6a6178c355f4ba0a5ebb4a7743f66712e19fedcd20f,已核验：标题页/前4页
reports/annual/2024/武汉联特科技股份有限公司_2024_325e323f6e7d.pdf,武汉联特科技股份有限公司,CN:301205,年报,2024,未标特别版本,PDF,4091285,325e323f6e7db7db074f1fe3d469f41196861afe44032ca27983652b7cf3249e,已核验：标题页/前4页
reports/annual/2025/武汉联特科技股份有限公司_2025_5c63e5465728.pdf,武汉联特科技股份有限公司,CN:301205,年报,2025,未标特别版本,PDF,1687860,5c63e5465728d6863cc58535f369698e367ccf0aaa6248b8c4d0d8df33972bcb,已核验：标题页/前4页
reports/annual/2024/武汉锐科光纤激光技术股份有限公司_2024_215755c0e041.pdf,武汉锐科光纤激光技术股份有限公司,CN:300747,年报,2024,未标特别版本,PDF,3957461,215755c0e04117ce49bed5a4a429fab06c8cc466b062748b1a7a2f4b6de29cc6,已核验：标题页/前4页
reports/annual/2025/武汉锐科光纤激光技术股份有限公司_2025_b9c550b2a9d8.pdf,武汉锐科光纤激光技术股份有限公司,CN:300747,年报,2025,未标特别版本,PDF,1419238,b9c550b2a9d82302fe143315b68f3188d64e6aa9fdde30dffb30ed848bfe52d2,已核验：标题页/前4页
reports/annual/2025/武汉长江通信产业集团股份有限公司_2025_ed60c9db49bb.pdf,武汉长江通信产业集团股份有限公司,CN:600345,年报,2025,未标特别版本,PDF,1483214,ed60c9db49bbd18dafb0ca0e2442e1ad3b616c9fa68eb1a84d93454df30691fe,已核验：标题页/前4页
reports/annual/2025/武汉长盈通光电技术股份有限公司_2025_1041515806bf.pdf,武汉长盈通光电技术股份有限公司,CN:688143,年报,2025,未标特别版本,PDF,2731167,1041515806bf87661b3750993a4e1d64034d71275581ba687d6a4d5b0b88926e,已核验：标题页/前4页
reports/annual/2025/气派科技股份有限公司_2025_4b8beffa6e99.pdf,气派科技股份有限公司,CN:688216,年报,2025,未标特别版本,PDF,1472237,4b8beffa6e995b42d6ab4f3f79994d57fd99d59032bbf07b0a1ccf2bf6400ef1,已核验：标题页/前4页
reports/annual/2025/汇绿生态科技集团股份有限公司_2025_60d0a24b5a6b.pdf,汇绿生态科技集团股份有限公司,CN:001267,年报,2025,未标特别版本,PDF,1534458,60d0a24b5a6b1a9244689e768d73c819c08e2bdea70b1068d70f04f5e3fa00f2,已核验：标题页/前4页
reports/annual/2025/汇聚科技有限公司_2025_fe210e4c4df0.pdf,汇聚科技有限公司,汇聚科技有限公司,年报,2025,未标特别版本,PDF,10663538,fe210e4c4df0fc8b24fa454196b38eea5b695bf3e6eefc4c2da019b3a076b624,已核验：标题页/前4页
reports/annual/2025/江苏中天科技股份有限公司_2025_27a6aaa5c560.pdf,江苏中天科技股份有限公司,CN:600522,年报,2025,未标特别版本,PDF,4306218,27a6aaa5c560fba2bb6ba11756fce406d669752adbcf3a15d7a6282aea1cff4b,已核验：标题页/前4页
reports/annual/2025/江苏亨通光电股份有限公司_2025_249217ed39e5.pdf,江苏亨通光电股份有限公司,CN:600487,年报,2025,未标特别版本,PDF,4316002,249217ed39e5cb1485322562fe9ae9cc0a5b609cbe3d867ef873095a3d717e7b,已核验：标题页/前4页
reports/annual/2025/江苏先锋精密科技股份有限公司_2025_866dc8b5512a.pdf,江苏先锋精密科技股份有限公司,CN:688605,年报,2025,未标特别版本,PDF,1510351,866dc8b5512a877e6d8912e752f1b576d0e25245324ce7b256508cd8ad3d519e,已核验：标题页/前4页
reports/annual/2025/江苏华海诚科新材料股份有限公司_2025_be4160e5021a.pdf,江苏华海诚科新材料股份有限公司,CN:688535,年报,2025,未标特别版本,PDF,1869980,be4160e5021a409e3972cde1a45e8c082b00f8515b8ff081d2902afa747a3418,已核验：标题页/前4页
reports/annual/2025/江苏协和电子股份有限公司_2025_0a74648e5634.pdf,江苏协和电子股份有限公司,CN:605258,年报,2025,未标特别版本,PDF,1325975,0a74648e5634cfcd2b90677932d170154cce0a843b7de5876883c95edad56bbb,已核验：标题页/前4页
reports/annual/2025/江苏卓胜微电子股份有限公司_2025_68c62c09d5eb.pdf,江苏卓胜微电子股份有限公司,CN:300782,年报,2025,未标特别版本,PDF,5045706,68c62c09d5eb4ede2a43d77308943439b8ba82d428f278f7b72b2168d88b001c,已核验：标题页/前4页
reports/annual/2025/江苏南大光电材料股份有限公司_2025_0eca700de62b.pdf,江苏南大光电材料股份有限公司,CN:300346,年报,2025,未标特别版本,PDF,2401776,0eca700de62b1ba77ef3a9166caf4a6269721c7cb96e026ac74ef63b53729059,已核验：标题页/前4页
reports/annual/2025/江苏大港股份有限公司_2025_5afcc5ceb5bf.pdf,江苏大港股份有限公司,CN:002077,年报,2025,未标特别版本,PDF,1286816,5afcc5ceb5bf007a8b52adde145be72b0a67a5d664ab498321ae2f54c937e191,已核验：标题页/前4页
reports/annual/2025/江苏宏微科技股份有限公司_2025_00c6cd16e52d.pdf,江苏宏微科技股份有限公司,CN:688711,年报,2025,未标特别版本,PDF,1854102,00c6cd16e52d9844376bd464c4e18d1ff3ac0e5308af85e2403b9f86064c0f34,已核验：标题页/前4页
reports/annual/2025/江苏帝奥微电子股份有限公司_2025_109ead9c89b7.pdf,江苏帝奥微电子股份有限公司,CN:688381,年报,2025,未标特别版本,PDF,1832887,109ead9c89b7776481c7fd9847d785095a1a401c0d38ed1e4c66aff0ff89b1cf,已核验：标题页/前4页
reports/annual/2025/江苏捷捷微电子股份有限公司_2025_01e6c280c6f6.pdf,江苏捷捷微电子股份有限公司,CN:300623,年报,2025,未标特别版本,PDF,2086170,01e6c280c6f682f08cf06478ccf245c3a4e180fa8fddf49fb9eb1259503ffb81,已核验：标题页/前4页
reports/annual/2025/江苏日久光电股份有限公司_2025_18fed7085146.pdf,江苏日久光电股份有限公司,CN:003015,年报,2025,未标特别版本,PDF,1332200,18fed7085146dccb2987b9b6102c6ef81fe3726dd022264a212a8bef9fcb4e62,已核验：标题页/前4页
reports/annual/2025/江苏本川智能电路科技股份有限公司_2025_8ae9f251c5c7.pdf,江苏本川智能电路科技股份有限公司,CN:300964,年报,2025,未标特别版本,PDF,1640754,8ae9f251c5c7aeaa9d6345268c402a3705ab48423938eda42361b678a720360a,已核验：标题页/前4页
reports/annual/2025/江苏永鼎股份有限公司_2025_2d450765c266.pdf,江苏永鼎股份有限公司,CN:600105,年报,2025,未标特别版本,PDF,2118895,2d450765c2669a4de98b7b30a03d59a6e8c625b3dc4e2b05b661138000c74132,已核验：标题页/前4页
reports/annual/2025/江苏灿勤科技股份有限公司_2025_42ae64c7d06e.pdf,江苏灿勤科技股份有限公司,CN:688182,年报,2025,未标特别版本,PDF,1412706,42ae64c7d06e909cbae8de069338eabf141fe9e5224dfedfb2311bc29fd518f1,已核验：标题页/前4页
reports/annual/2025/江苏翔腾新材料股份有限公司_2025_a48c6a5d56e8.pdf,江苏翔腾新材料股份有限公司,CN:001373,年报,2025,未标特别版本,PDF,1327317,a48c6a5d56e82cf9d1eb1a9dabc6e93463184f48d0cf317ec398d4ebd0383375,已核验：标题页/前4页
reports/annual/2025/江苏艾森半导体材料股份有限公司_2025_d69d993ab574.pdf,江苏艾森半导体材料股份有限公司,CN:688720,年报,2025,未标特别版本,PDF,1575826,d69d993ab574d6735a30637cb1959aebcc5100fd740460f1e17ac7cd2148668c,已核验：标题页/前4页
reports/annual/2025/江苏长电科技股份有限公司_2025_正式报告摘要_e533e4c47f0e.pdf,江苏长电科技股份有限公司,CN:600584,年报,2025,正式报告摘要,PDF,498972,e533e4c47f0eac1527abe907a48b8d38900a812e3a68c8357a4460e38b0380a4,已核验：标题页/前4页
reports/annual/2025/江苏长电科技股份有限公司_2025_ed6acca8cb4a.pdf,江苏长电科技股份有限公司,CN:600584,年报,2025,未标特别版本,PDF,1764302,ed6acca8cb4acaa776ebb9717e247f31973d2007b26e0afc104e71cca844f3b1,已核验：标题页/前4页
reports/annual/2025/江苏雅克科技股份有限公司_2025_a94dabf7b8ae.pdf,江苏雅克科技股份有限公司,CN:002409,年报,2025,未标特别版本,PDF,9243760,a94dabf7b8aeac76a97bf1cf1d157387477fc9e12118139b8bc1405c9e5d6b5c,已核验：正文首页/前4页
reports/annual/2025/江苏骏成电子科技股份有限公司_2025_da88ac267c3e.pdf,江苏骏成电子科技股份有限公司,CN:301106,年报,2025,未标特别版本,PDF,1496501,da88ac267c3ebf8e71bef70b362a0d6ce14573e5e194f2ee378847906aec22e1,已核验：标题页/前4页
reports/annual/2025/江西威尔高电子股份有限公司_2025_d4d3968ba7d2.pdf,江西威尔高电子股份有限公司,CN:301251,年报,2025,未标特别版本,PDF,1149931,d4d3968ba7d264dc012d393c23d1ee69069ef5ec27afd287c70a67f853d946eb,已核验：标题页/前4页
reports/annual/2025/江西沃格光电集团股份有限公司_2025_b804320100c3.pdf,江西沃格光电集团股份有限公司,CN:603773,年报,2025,未标特别版本,PDF,1465061,b804320100c3e5e821180eab8f65ddfbc2ec715d191ee73a3a141a37b3b208a1,已核验：标题页/前4页
reports/annual/2025/沈阳富创精密设备股份有限公司_2025_55dec0db7e4b.pdf,沈阳富创精密设备股份有限公司,CN:688409,年报,2025,未标特别版本,PDF,1801844,55dec0db7e4b106269107a48163e3a27a5ab025089f0ac32b3624fb13d05ece3,已核验：标题页/前4页
reports/annual/2023/沈阳芯源微电子设备股份有限公司_2023_8c51b7a52c3f.pdf,沈阳芯源微电子设备股份有限公司,CN:688037,年报,2023,未标特别版本,PDF,6783935,8c51b7a52c3f7c4045d5c0589aa73be5c8fe9921f228c926a25825a06a2edb60,已核验：标题页/前4页
reports/annual/2024/沈阳芯源微电子设备股份有限公司_2024_f1825387098e.pdf,沈阳芯源微电子设备股份有限公司,CN:688037,年报,2024,未标特别版本,PDF,2241862,f1825387098e8dffd16b1794803c914738bad24a2844df0753851fe8a5c1274f,已核验：标题页/前4页
reports/annual/2025/沈阳芯源微电子设备股份有限公司_2025_ec5ba8cb6e47.pdf,沈阳芯源微电子设备股份有限公司,CN:688037,年报,2025,未标特别版本,PDF,2257460,ec5ba8cb6e4777cb92d66c8f89fd7b0840ffa05ba91c50807cec66201e5ab4f0,已核验：标题页/前4页
reports/annual/2025/沐曦集成电路(上海)股份有限公司_2025_75b92c7641f0.pdf,沐曦集成电路（上海）股份有限公司,CN:688802,年报,2025,未标特别版本,PDF,1644202,75b92c7641f06d31b61cf7454a748e813c4ba8550af0b3094d6bf94fb38a6461,已核验：标题页/前4页
reports/annual/2025/沪士电子股份有限公司_2025_9810736ee50d.pdf,沪士电子股份有限公司,CN:002463,年报,2025,未标特别版本,PDF,4997019,9810736ee50d0fa7f4d8e8370e3965bde8e24c6dbafb86593ae2206b0e2f2f15,已核验：标题页/前4页
reports/annual/2025/河北中瓷电子科技股份有限公司_2025_d09980a8b779.pdf,河北中瓷电子科技股份有限公司,CN:003031,年报,2025,未标特别版本,PDF,1413505,d09980a8b779e343be79de4043c2dc0f8f104d84eed9edcfb16fcc8c5d5109c1,已核验：标题页/前4页
reports/annual/2023/河南仕佳光子科技股份有限公司_2023_e3740577347c.pdf,河南仕佳光子科技股份有限公司,CN:688313,年报,2023,未标特别版本,PDF,4698680,e3740577347c8891a5d12615f69f17796faa40edb34c14a083ae4fca53f792b9,已核验：标题页/前4页
reports/annual/2024/河南仕佳光子科技股份有限公司_2024_371f0185342f.pdf,河南仕佳光子科技股份有限公司,CN:688313,年报,2024,未标特别版本,PDF,4836089,371f0185342f18c0661c7431b5e96e540f1e65533943e6e9eed1c7bfc2e049c6,已核验：标题页/前4页
reports/annual/2025/河南仕佳光子科技股份有限公司_2025_52e82a0b7d24.pdf,河南仕佳光子科技股份有限公司,CN:688313,年报,2025,未标特别版本,PDF,1895225,52e82a0b7d24daedb94670417934d27d545e1e864b77a3f405cdb631de8053dc,已核验：标题页/前4页
reports/annual/2025/河南辉煌科技股份有限公司_2025_304ac09c2f36.pdf,河南辉煌科技股份有限公司,CN:002296,年报,2025,未标特别版本,PDF,3353156,304ac09c2f3610ed4962f723f9d9ba992b91a5af40a8057feb79a87732c476dd,已核验：标题页/前4页
reports/annual/2025/泰凌微电子(上海)股份有限公司_2025_6cf18deb4876.pdf,泰凌微电子（上海）股份有限公司,CN:688591,年报,2025,未标特别版本,PDF,1998034,6cf18deb4876439287e83fd607d300c7163000812e968947e564af731d640921,已核验：标题页/前4页
reports/annual/2025/泰晶科技股份有限公司_2025_ee09ec931868.pdf,泰晶科技股份有限公司,CN:603738,年报,2025,未标特别版本,PDF,1456265,ee09ec93186832ee3eb61ed0a63ec5d40595898f39b1664e19e10843aefe7b39,已核验：标题页/前4页
reports/annual/2025/浙江东晶电子股份有限公司_2025_8a635706b0c7.pdf,浙江东晶电子股份有限公司,CN:002199,年报,2025,未标特别版本,PDF,3935099,8a635706b0c7e256bdaba9f6c38ca5ef64f091be77d64612ef840b069295aa0d,已核验：标题页/前4页
reports/annual/2025/浙江中晶科技股份有限公司_2025_8814d3ee4411.pdf,浙江中晶科技股份有限公司,CN:003026,年报,2025,未标特别版本,PDF,3539092,8814d3ee4411397405a4f4616179a5031c41ca275ce86471250dc9dd2289ab8f,已核验：标题页/前4页
reports/annual/2025/浙江兆龙互连科技股份有限公司_2025_a6db703d00f4.pdf,浙江兆龙互连科技股份有限公司,CN:300913,年报,2025,未标特别版本,PDF,1455764,a6db703d00f4062d8c6ac937ee6e0640ea0fd79d78e605ba3096bf1e607f224b,已核验：标题页/前4页
reports/annual/2025/浙江华正新材料股份有限公司_2025_2a1ed4d21dc4.pdf,浙江华正新材料股份有限公司,CN:603186,年报,2025,未标特别版本,PDF,1921113,2a1ed4d21dc401d869a1cb5a8d261227286e8cee0cbf566b95c495db7e2368ed,已核验：标题页/前4页
reports/annual/2025/浙江晨丰科技股份有限公司_2025_1a680c23551d.pdf,浙江晨丰科技股份有限公司,CN:603685,年报,2025,未标特别版本,PDF,1394497,1a680c23551dc0975a4c11f4c4bdd724928bbf7ec725e789a23be74365c46a27,已核验：标题页/前4页
reports/annual/2025/浙江水晶光电科技股份有限公司_2025_32c721f174ff.pdf,浙江水晶光电科技股份有限公司,CN:002273,年报,2025,未标特别版本,PDF,2230974,32c721f174ff36ccf1b40e15568f54adceaaf2b690713fe5018ec4ea75c5c6e6,已核验：标题页/前4页
reports/annual/2025/浙江盛洋科技股份有限公司_2025_896a2b2c97da.pdf,浙江盛洋科技股份有限公司,CN:603703,年报,2025,未标特别版本,PDF,1416380,896a2b2c97da21e35842586a052d07afdc46787ac548b37ece33722d79fca493,已核验：标题页/前4页
reports/annual/2025/浙江臻镭科技股份有限公司_2025_4f763763599d.pdf,浙江臻镭科技股份有限公司,CN:688270,年报,2025,未标特别版本,PDF,2591444,4f763763599d1d6bba743b0de277020a6f43accc8cdbd0260055ea8dce7470d7,已核验：标题页/前4页
reports/annual/2023/浙江蓝特光学股份有限公司_2023_1d8694496616.pdf,浙江蓝特光学股份有限公司,CN:688127,年报,2023,未标特别版本,PDF,4140456,1d8694496616f4ff99d577ab78cbdeaf05ed278935b1a4f30846a205dd95059d,已核验：标题页/前4页
reports/annual/2024/浙江蓝特光学股份有限公司_2024_f94842084f5d.pdf,浙江蓝特光学股份有限公司,CN:688127,年报,2024,未标特别版本,PDF,1466391,f94842084f5da0f2d9ac56ea85ca0870ff4d3d2c3563f39faf9e8e060802098a,已核验：标题页/前4页
reports/annual/2025/浙江蓝特光学股份有限公司_2025_24dd00bb678d.pdf,浙江蓝特光学股份有限公司,CN:688127,年报,2025,未标特别版本,PDF,1570855,24dd00bb678de52e41cc310305d8b1898650c79c2e4f88c2906364370e86c2cf,已核验：标题页/前4页
reports/annual/2025/浪潮电子信息产业股份有限公司_2025_正式报告摘要_57421d9e8c5a.pdf,浪潮电子信息产业股份有限公司,CN:000977,年报,2025,正式报告摘要,PDF,110183,57421d9e8c5ad4ff1b7c2e24799233532f97cb000c6806836ecc71993502972d,已核验：标题页/前4页
reports/annual/2025/浪潮电子信息产业股份有限公司_2025_a29214723734.pdf,浪潮电子信息产业股份有限公司,CN:000977,年报,2025,未标特别版本,PDF,8440116,a292147237341c5918930d25497ec4db92af13b3991b71ecddea2740886931b0,已核验：标题页/前4页
reports/annual/2024/海光信息技术股份有限公司_2024_3168a82c93d7.pdf,海光信息技术股份有限公司,CN:688041,年报,2024,未标特别版本,PDF,4356899,3168a82c93d7e98493a3f4f2aa99f82cfa7a19ee6d63edfecd1ecc704ac5d43b,已核验：正文首页/前4页
reports/annual/2024/海光信息技术股份有限公司_2024_正式报告摘要_bb18e15399e8.pdf,海光信息技术股份有限公司,CN:688041,年报,2024,正式报告摘要,PDF,1292025,bb18e15399e8fb60230f3c55f77ceee044f76204a14ed126119928826bfc9f24,已核验：正文首页/前4页
reports/annual/2025/海光信息技术股份有限公司_2025_abe3c5f80e80.pdf,海光信息技术股份有限公司,CN:688041,年报,2025,未标特别版本,PDF,1953281,abe3c5f80e80e2b6a56d243cfd502cccec715df783b7b9dcf95d3a84b1106c02,已核验：正文首页/前4页
reports/annual/2025/海能达通信股份有限公司_2025_d9bf6c82a2ee.pdf,海能达通信股份有限公司,CN:002583,年报,2025,未标特别版本,PDF,7394827,d9bf6c82a2ee43e7a30457161dd8e98bb55a9c0186aed142fa17c774c3f00c9b,已核验：标题页/前4页
reports/annual/2025/深南电路股份有限公司_2025_80c2d67323e6.pdf,深南电路股份有限公司,CN:002916,年报,2025,未标特别版本,PDF,4491025,80c2d67323e64875eb80d7f13603930bc0a5087631ebbd66f14c109bada627d9,已核验：标题页/前4页
reports/annual/2025/深圳万润科技股份有限公司_2025_0288a20ed9c9.pdf,深圳万润科技股份有限公司,CN:002654,年报,2025,未标特别版本,PDF,1678303,0288a20ed9c963bed65feb9fbd79b74a67017dd7a6f1d0b0510bb5244902ab19,已核验：标题页/前4页
reports/annual/2025/深圳中富电路股份有限公司_2025_0bf956084740.pdf,深圳中富电路股份有限公司,CN:300814,年报,2025,未标特别版本,PDF,1312779,0bf9560847409ec6b5dd55230aa8c57417a5da6903d292368410063e4875bda5,已核验：标题页/前4页
reports/annual/2025/深圳中恒华发股份有限公司_2025_a0638dcf0748.pdf,深圳中恒华发股份有限公司,CN:000020,年报,2025,未标特别版本,PDF,1072416,a0638dcf074843c6efb70743591ed72028e8da5764553845b428c218008e37b7,已核验：正文首页/前4页
reports/annual/2025/深圳中科飞测科技股份有限公司_2025_d28793780370.pdf,深圳中科飞测科技股份有限公司,CN:688361,年报,2025,未标特别版本,PDF,2450084,d28793780370feee7231e70a02cdd5b473571bc0f76052708d12e5d642aacff4,已核验：标题页/前4页
reports/annual/2025/深圳云里物里科技股份有限公司_2025_9040ad6807f4.pdf,深圳云里物里科技股份有限公司,CN:920374,年报,2025,未标特别版本,PDF,2195310,9040ad6807f405f12acd6ff79fd671b20d88ad9687a6f25cc5a15c06dfdf2211,已核验：正文前8页
reports/annual/2025/深圳佰维存储科技股份有限公司_2025_5c4f8f40a22c.pdf,深圳佰维存储科技股份有限公司,CN:688525,年报,2025,未标特别版本,PDF,2647648,5c4f8f40a22c0ea417a88b81503b2e2eb06d1734454734bb444988e1ff93527b,已核验：标题页/前4页
reports/annual/2025/深圳同兴达科技股份有限公司_2025_6780f9f98db6.pdf,深圳同兴达科技股份有限公司,CN:002845,年报,2025,未标特别版本,PDF,1261589,6780f9f98db60167d31e24bd3e99c5a2e1ddce6c40946cc8d7aa5fe5c5d070dd,已核验：标题页/前4页
reports/annual/2025/深圳大普微电子股份有限公司_2025_1d96caea7cb5.pdf,深圳大普微电子股份有限公司,CN:301666,年报,2025,未标特别版本,PDF,4727671,1d96caea7cb5d3132a7bad9f6e21401a9165f158a1f54ca1e9116e411acead2b,已核验：标题页/前4页
reports/annual/2025/深圳天德钰科技股份有限公司_2025_23762fad4011.pdf,深圳天德钰科技股份有限公司,CN:688252,年报,2025,未标特别版本,PDF,1465954,23762fad40114195e0beb156c2ad25b91edba2fa4978370c393c41076ada9524,已核验：标题页/前4页
reports/annual/2023/深圳太辰光通信股份有限公司_2023_8bd0a8c05ea5.pdf,深圳太辰光通信股份有限公司,CN:300570,年报,2023,未标特别版本,PDF,4835347,8bd0a8c05ea5b58da0ef4500290adf8b2d3ffc049ff52e036625ff6af3635dbe,已核验：标题页/前4页
reports/annual/2024/深圳太辰光通信股份有限公司_2024_63d7e19bcb3a.pdf,深圳太辰光通信股份有限公司,CN:300570,年报,2024,未标特别版本,PDF,5069366,63d7e19bcb3a04f52cdb3fd226578ff59fe2817f6331f7c6c70e001354c486bd,已核验：标题页/前4页
reports/annual/2025/深圳太辰光通信股份有限公司_2025_380dfdf72e08.pdf,深圳太辰光通信股份有限公司,CN:300570,年报,2025,未标特别版本,PDF,11452761,380dfdf72e08fdfe531a63f856d2f928aba0f3bcef24e432e9894fd2d3438def,已核验：标题页/前4页
reports/annual/2025/深圳市一博科技股份有限公司_2025_de5dd806f06e.pdf,深圳市一博科技股份有限公司,CN:301366,年报,2025,未标特别版本,PDF,3543473,de5dd806f06e99aad5d6dc61186d2d9215a3126906e28e49223e300fc19e9c64,已核验：标题页/前4页
reports/annual/2025/深圳市三利谱光电科技股份有限公司_2025_d1767ac95352.pdf,深圳市三利谱光电科技股份有限公司,CN:002876,年报,2025,未标特别版本,PDF,1341977,d1767ac95352755f3c85c1689b0c1e4ca9ef022635b6a2d3a8711bc6b3906861,已核验：标题页/前4页
reports/annual/2025/深圳市三旺通信股份有限公司_2025_0c0c9279a9f2.pdf,深圳市三旺通信股份有限公司,CN:688618,年报,2025,未标特别版本,PDF,2732781,0c0c9279a9f211c6d8d2cc504fbd1da72d8e1da341223ad1ce82da82b0305fe4,已核验：标题页/前4页
reports/annual/2025/深圳市中科蓝讯科技股份有限公司_2025_efd4d00371de.pdf,深圳市中科蓝讯科技股份有限公司,CN:688332,年报,2025,未标特别版本,PDF,4362707,efd4d00371de41de24bfe466ad5586d3a9372fa605d09dd6e0c8cb029f40c379,已核验：标题页/前4页
reports/annual/2025/深圳市共进电子股份有限公司_2025_214f07e4ae9e.pdf,深圳市共进电子股份有限公司,CN:603118,年报,2025,未标特别版本,PDF,1689477,214f07e4ae9eeff807a3cc853a6a952da1ebc409989f1d28f80e8a01bea044f8,已核验：标题页/前4页
reports/annual/2022/深圳市兴森快捷电路科技股份有限公司_2022_6e8819b2a0bb.pdf,深圳市兴森快捷电路科技股份有限公司,CN:002436,年报,2022,未标特别版本,PDF,5697448,6e8819b2a0bbd88f1ca14e617faec470dc90798bfed550f2f16a7c9abee09f1d,已核验：标题页/前4页
reports/annual/2025/深圳市兴森快捷电路科技股份有限公司_2025_2803e585337d.pdf,深圳市兴森快捷电路科技股份有限公司,CN:002436,年报,2025,未标特别版本,PDF,1495341,2803e585337d1ae355d9b93034ce9106d9d7d768a11a07ea2ff17d7515fe14c8,已核验：标题页/前4页
reports/annual/2025/深圳市则成电子股份有限公司_2025_cdd054438045.pdf,深圳市则成电子股份有限公司,CN:920821,年报,2025,未标特别版本,PDF,2876502,cdd054438045f521960d4d056aba7781e3eb811e8e2a3a7d4bb181c9fa93e143,已核验：正文首页/前4页
reports/annual/2025/深圳市力合微电子股份有限公司_2025_fe67fb5ff2ff.pdf,深圳市力合微电子股份有限公司,CN:688589,年报,2025,未标特别版本,PDF,2032695,fe67fb5ff2ff102941df6c2b245334dc595a5a878dbfdc9c1c4f8729862ac31a,已核验：标题页/前4页
reports/annual/2025/深圳市南极光电子科技股份有限公司_2025_af1735c25c33.pdf,深圳市南极光电子科技股份有限公司,CN:300940,年报,2025,未标特别版本,PDF,1135047,af1735c25c33214d3865bc5c0a5cab17944df1b36cb5b5b9f210cfd95b24540f,已核验：标题页/前4页
reports/annual/2025/深圳市大为创新科技股份有限公司_2025_18650f336dd5.pdf,深圳市大为创新科技股份有限公司,CN:002213,年报,2025,未标特别版本,PDF,1527513,18650f336dd525d1c4f0fa32fabe158f64c7bdfaa9f9faf6dbf0145236228435,已核验：标题页/前4页
reports/annual/2025/深圳市奥拓电子股份有限公司_2025_052236089f2e.pdf,深圳市奥拓电子股份有限公司,CN:002587,年报,2025,未标特别版本,PDF,5921736,052236089f2ebcea9d56b6ebda07e03c62eecdcbacacca28ab6133dede65e23f,已核验：标题页/前4页
reports/annual/2025/深圳市宇顺电子股份有限公司_2025_0191d9024729.pdf,深圳市宇顺电子股份有限公司,CN:002289,年报,2025,未标特别版本,PDF,4160813,0191d90247295e89e8166c4269ff6fc1ee91d5294aec06f39915005406c26c7e,已核验：标题页/前4页
reports/annual/2025/深圳市宝明科技股份有限公司_2025_60d7a3a904ba.pdf,深圳市宝明科技股份有限公司,CN:002992,年报,2025,未标特别版本,PDF,1587795,60d7a3a904ba4472334ce2da95e8c23648d8bd85cd5037ca52f2241fe8f776f0,已核验：标题页/前4页
reports/annual/2025/深圳市实益达科技股份有限公司_2025_1233abfb827d.pdf,深圳市实益达科技股份有限公司,CN:002137,年报,2025,未标特别版本,PDF,4860473,1233abfb827d7f432e300c3cb8ebafc57bf0690fda95a42e9c537e9f92eb575b,已核验：标题页/前4页
reports/annual/2025/深圳市广和通无线股份有限公司_2025_09241a1389df.pdf,深圳市广和通无线股份有限公司,CN:300638,年报,2025,未标特别版本,PDF,5538818,09241a1389dfb32ced7e4f67ff3925b5ef3c6d8ca5fb9d923cc17aa2d3801468,已核验：标题页/前4页
reports/annual/2025/深圳市康冠科技股份有限公司_2025_cb03eab59f1f.pdf,深圳市康冠科技股份有限公司,CN:001308,年报,2025,未标特别版本,PDF,3573696,cb03eab59f1faa5b7900a205c967f9a2932668f6123e5b3a9f054878abaec9c8,已核验：标题页/前4页
reports/annual/2025/深圳市强达电路股份有限公司_2025_f15a815ec4d9.pdf,深圳市强达电路股份有限公司,CN:301628,年报,2025,未标特别版本,PDF,1613774,f15a815ec4d9bf5e921e28645d97efacfe5f052438606b8577fe8aebd76ea67d,已核验：标题页/前4页
reports/annual/2025/深圳市德明利技术股份有限公司_2025_8470501c179a.pdf,深圳市德明利技术股份有限公司,CN:001309,年报,2025,未标特别版本,PDF,1964842,8470501c179a3e123acc1aa632b0e3d174783ef4fea7523834615b32ed844509,已核验：标题页/前4页
reports/annual/2025/深圳市必易微电子股份有限公司_2025_9076f576d214.pdf,深圳市必易微电子股份有限公司,CN:688045,年报,2025,未标特别版本,PDF,1555516,9076f576d214bd6b010c36a85871a2f2b0265ad81acc3d7994189ee280c3cbbe,已核验：标题页/前4页
reports/annual/2025/深圳市恒运昌真空技术股份有限公司_2025_acd6505e76a6.pdf,深圳市恒运昌真空技术股份有限公司,CN:688785,年报,2025,未标特别版本,PDF,1819451,acd6505e76a6ae0c7ecadf1e2633f9978e004c6e3377a5fe291d36a9edf90569,已核验：标题页/前4页
reports/annual/2025/深圳市明微电子股份有限公司_2025_8e560b025b64.pdf,深圳市明微电子股份有限公司,CN:688699,年报,2025,未标特别版本,PDF,1413892,8e560b025b64428d5fa1e917040f057f976c20dce19fc666ad966a3794921f7f,已核验：标题页/前4页
reports/annual/2023/深圳市景旺电子股份有限公司_2023_516aeb1766a9.pdf,深圳市景旺电子股份有限公司,CN:603228,年报,2023,未标特别版本,PDF,4523203,516aeb1766a9414d9b04452dd4c9294743cf9f5b0d586c925b883eb859249d50,已核验：标题页/前4页
reports/annual/2024/深圳市景旺电子股份有限公司_2024_5e5a6194be76.pdf,深圳市景旺电子股份有限公司,CN:603228,年报,2024,未标特别版本,PDF,1578151,5e5a6194be7620356d693fe907a5519ad6c35e242e3e7c444f707dc1d83c798e,已核验：标题页/前4页
reports/annual/2025/深圳市景旺电子股份有限公司_2025_216ad1f6dbcc.pdf,深圳市景旺电子股份有限公司,CN:603228,年报,2025,未标特别版本,PDF,1630772,216ad1f6dbcc2c9bee2fcf40e460eaa111c855c7ff255b29479a4e35f2ab409a,已核验：标题页/前4页
reports/annual/2025/深圳市有方科技股份有限公司_2025_fd451b911f36.pdf,深圳市有方科技股份有限公司,CN:688159,年报,2025,未标特别版本,PDF,1490965,fd451b911f36a16ae29bbd77c7a03231f8a5b9c7fcbb2e29b57c93514c15c05c,已核验：标题页/前4页
reports/annual/2025/深圳市欣天科技股份有限公司_2025_aa77c522eda6.pdf,深圳市欣天科技股份有限公司,CN:300615,年报,2025,未标特别版本,PDF,3448225,aa77c522eda6d01774734a85f5f9f32554a74ed46a5ecc390ee5999e5adab117,已核验：标题页/前4页
reports/annual/2025/深圳市汇创达科技股份有限公司_2025_80c4b79bb3f2.pdf,深圳市汇创达科技股份有限公司,CN:300909,年报,2025,未标特别版本,PDF,1403858,80c4b79bb3f21b5f764df7939399bcd234d0fbc601bb79ad8477de1ebee12b6f,已核验：标题页/前4页
reports/annual/2025/深圳市汇顶科技股份有限公司_2025_f99a28be0373.pdf,深圳市汇顶科技股份有限公司,CN:603160,年报,2025,未标特别版本,PDF,1769895,f99a28be03737605aa7a375a71db176ea7222636aa1b99e783f5920b568bc27e,已核验：标题页/前4页
reports/annual/2025/深圳市江波龙电子股份有限公司_2025_38fa04f41603.pdf,深圳市江波龙电子股份有限公司,CN:301308,年报,2025,未标特别版本,PDF,5874877,38fa04f416034262046787d58ad59c1a0740b514fe9583cc23e45fad499feaf1,已核验：标题页/前4页
reports/annual/2025/深圳市洲明科技股份有限公司_2025_e00772238855.pdf,深圳市洲明科技股份有限公司,CN:300232,年报,2025,未标特别版本,PDF,6066404,e00772238855c03d48afcd36d97c63833077f6135a2a016cc91071736ca54596,已核验：标题页/前4页
reports/annual/2024/深圳市深科达智能装备股份有限公司_2024_7c907fba41b4.pdf,深圳市深科达智能装备股份有限公司,CN:688328,年报,2024,未标特别版本,PDF,1983719,7c907fba41b4eb9a8d634bf087d28be836b726ea917b78285f8126389af2d778,已核验：标题页/前4页
reports/annual/2025/深圳市深科达智能装备股份有限公司_2025_58def44dc5f7.pdf,深圳市深科达智能装备股份有限公司,CN:688328,年报,2025,未标特别版本,PDF,2244336,58def44dc5f7d918f9108069e8343382b64daffac4a1a17f066799db318ca3bc,已核验：标题页/前4页
reports/annual/2025/深圳市澄天伟业科技股份有限公司_2025_79956beb806a.pdf,深圳市澄天伟业科技股份有限公司,CN:300689,年报,2025,未标特别版本,PDF,1132313,79956beb806ad48b4696582b5430091f3e766b73b1126aefa60a471a21122712,已核验：标题页/前4页
reports/annual/2025/深圳市特发信息股份有限公司_2025_d03185dcb399.pdf,深圳市特发信息股份有限公司,CN:000070,年报,2025,未标特别版本,PDF,1322305,d03185dcb399cbf202b8462ac17b7557365e3aee3bce0c7e6f53cc9c2468f6c6,已核验：标题页/前4页
reports/annual/2025/深圳市瑞丰光电子股份有限公司_2025_ada981a66110.pdf,深圳市瑞丰光电子股份有限公司,CN:300241,年报,2025,未标特别版本,PDF,1317621,ada981a66110c3ef8f668a0f088017d3710840d6aac5d2c50fccbf2184d72578,已核验：标题页/前4页
reports/annual/2025/深圳市科信通信技术股份有限公司_2025_ac99bbc2f826.pdf,深圳市科信通信技术股份有限公司,CN:300565,年报,2025,未标特别版本,PDF,1481934,ac99bbc2f8269acaa9a656d80c0dea990a8a9e8e130942794398a8690c97d7b3,已核验：标题页/前4页
reports/annual/2025/深圳市纺织(集团)股份有限公司_2025_2035e98aafde.pdf,深圳市纺织(集团)股份有限公司,CN:000045,年报,2025,未标特别版本,PDF,1149798,2035e98aafde581ea3155dd70c41a7c2f764a576c63cc4b4ef9e58f46a1d84e5,已核验：标题页/前4页
reports/annual/2025/深圳市联建光电股份有限公司_2025_6bdb9d44cdf6.pdf,深圳市联建光电股份有限公司,CN:300269,年报,2025,未标特别版本,PDF,1566098,6bdb9d44cdf600d1cf05f7bdfc3bcec3969cd1e76fc9b05ad189ad8c00779933,已核验：标题页/前4页
reports/annual/2025/深圳市联得自动化装备股份有限公司_2025_0d242bbb2b53.pdf,深圳市联得自动化装备股份有限公司,CN:300545,年报,2025,未标特别版本,PDF,1034136,0d242bbb2b5344526988aa4c6759d1b2c72c3858f1c97da89ffdcc34e8442505,已核验：标题页/前4页
reports/annual/2025/深圳市聚飞光电股份有限公司_2025_d0333027daf1.pdf,深圳市聚飞光电股份有限公司,CN:300303,年报,2025,未标特别版本,PDF,4265406,d0333027daf15d392af90756bfe5d4a75669c882bc366b07ad58811a8b66bc29,已核验：标题页/前4页
reports/annual/2025/深圳市艾比森光电股份有限公司_2025_4c64aff9c113.pdf,深圳市艾比森光电股份有限公司,CN:300389,年报,2025,未标特别版本,PDF,2196148,4c64aff9c1134dd4fc9a805feb31701fcccc5ce83ffeb7a98998797fca8a1638,已核验：标题页/前4页
reports/annual/2025/深圳市菲菱科思通信技术股份有限公司_2025_9c029a756e36.pdf,深圳市菲菱科思通信技术股份有限公司,CN:301191,年报,2025,未标特别版本,PDF,1288616,9c029a756e36bfae9c9f12bc08973a121d2a849659a7826a79606a6407d0a672,已核验：标题页/前4页
reports/annual/2025/深圳市路维光电股份有限公司_2025_7cbc552a1a58.pdf,深圳市路维光电股份有限公司,CN:688401,年报,2025,未标特别版本,PDF,2403668,7cbc552a1a58f709698fcbe8a8c09e57051c598113c61e36d6aa247211e596cd,已核验：标题页/前4页
reports/annual/2025/深圳市迅捷兴科技股份有限公司_2025_ebc0f9bfe632.pdf,深圳市迅捷兴科技股份有限公司,CN:688655,年报,2025,未标特别版本,PDF,3299798,ebc0f9bfe6323c4767f1eed2ff8ba5c8882e2763ea3d4d4084d376b796677801,已核验：标题页/前4页
reports/annual/2025/深圳市金百泽电子科技股份有限公司_2025_6036c013a8d0.pdf,深圳市金百泽电子科技股份有限公司,CN:301041,年报,2025,未标特别版本,PDF,1475326,6036c013a8d001add98b2960c26fbc76883115a58cb52e82c8487ddb59e158e1,已核验：标题页/前4页
reports/annual/2025/深圳市长方集团股份有限公司_2025_865eee2fad60.pdf,深圳市长方集团股份有限公司,CN:300301,年报,2025,未标特别版本,PDF,1343613,865eee2fad60a7e450fdf9b15b0ff6eab35fef1ca72cab7ef1e90904f2af3496,已核验：标题页/前4页
reports/annual/2025/深圳市隆利科技股份有限公司_2025_1c90e5e7a6a3.pdf,深圳市隆利科技股份有限公司,CN:300752,年报,2025,未标特别版本,PDF,1232450,1c90e5e7a6a35a404f3b4c285fddaa2663ce2e129a07897bf31a5e089f5a4d24,已核验：标题页/前4页
reports/annual/2025/深圳市领先半导体科技产业股份有限公司_2025_205d0a9f7989.pdf,深圳市领先半导体科技产业股份有限公司,CN:603991,年报,2025,未标特别版本,PDF,1653758,205d0a9f798977208d26ef413acd535e567607a88c894bb1d36aa84bda098f86,已核验：标题页/前4页
reports/annual/2025/深圳市麦捷微电子科技股份有限公司_2025_d984b99c8ef2.pdf,深圳市麦捷微电子科技股份有限公司,CN:300319,年报,2025,未标特别版本,PDF,5247662,d984b99c8ef22b56978b79c0a784aacb2cfad16307f38b2799a89fbe98425d3d,已核验：标题页/前4页
reports/annual/2024/深圳市龙图光罩股份有限公司_2024_064e921dd831.pdf,深圳市龙图光罩股份有限公司,CN:688721,年报,2024,未标特别版本,PDF,4391242,064e921dd831f4b1c9621a4da9b54ecc7829d955b088d42fb71b22ac509fe572,已核验：正文首页/前4页
reports/annual/2023/深圳新益昌科技股份有限公司_2023_8c5f908998d4.pdf,深圳新益昌科技股份有限公司,CN:688383,年报,2023,未标特别版本,PDF,6340752,8c5f908998d4b3dba3576269a8fc8af9c14fd86928bbe701fcec50ed1ab4a234,已核验：标题页/前4页
reports/annual/2024/深圳新益昌科技股份有限公司_2024_3f5be4abe3ee.pdf,深圳新益昌科技股份有限公司,CN:688383,年报,2024,未标特别版本,PDF,1854734,3f5be4abe3ee6ecc6a39ee58946695d886adc75913b72a0bc3972253063140f9,已核验：标题页/前4页
reports/annual/2025/深圳新益昌科技股份有限公司_2025_7b9644cb0fda.pdf,深圳新益昌科技股份有限公司,CN:688383,年报,2025,未标特别版本,PDF,1812989,7b9644cb0fda13d56fae86793c4566f7ef362f23d7bad5cabe3ceee84fb3295d,已核验：标题页/前4页
reports/annual/2025/深圳明阳电路科技股份有限公司_2025_63189ce100c4.pdf,深圳明阳电路科技股份有限公司,CN:300739,年报,2025,未标特别版本,PDF,2508050,63189ce100c4a32d5df76724d794ab969184a638ce42656836d7b7fa69fbd523,已核验：标题页/前4页
reports/annual/2025/深圳清溢光电股份有限公司_2025_6148ddfdcd6d.pdf,深圳清溢光电股份有限公司,CN:688138,年报,2025,未标特别版本,PDF,1742159,6148ddfdcd6d27636144b4c31c860de4d98902ce4e6d784f1cf7cc7a737424f0,已核验：正文首页/前4页
reports/annual/2025/深圳爱克莱特科技股份有限公司_2025_b10a8a299892.pdf,深圳爱克莱特科技股份有限公司,CN:300889,年报,2025,未标特别版本,PDF,2074470,b10a8a2998923f43ffc334eb9f36c4ed15d8e49d4d01931b2c53cc31fbc636d0,已核验：标题页/前4页
reports/annual/2025/深圳秋田微电子股份有限公司_2025_44ce7ec0ebfc.pdf,深圳秋田微电子股份有限公司,CN:300939,年报,2025,未标特别版本,PDF,2096380,44ce7ec0ebfcbd15fdb2026fe797b47dea4523640662bad16b38156549273a92,已核验：标题页/前4页
reports/annual/2025/深圳英集芯科技股份有限公司_2025_02347253a5e5.pdf,深圳英集芯科技股份有限公司,CN:688209,年报,2025,未标特别版本,PDF,1704302,02347253a5e516bf4edd5581e6b305c9f2e06c80c79fec269609a38ef722182b,已核验：标题页/前4页
reports/annual/2025/深圳莱宝高科技股份有限公司_2025_b2078e120ffa.pdf,深圳莱宝高科技股份有限公司,CN:002106,年报,2025,未标特别版本,PDF,2209934,b2078e120ffa9b3bd7016ab0170c65cf08222d340fe4d493470ab1de3e236475,已核验：标题页/前4页
reports/annual/2025/深圳雷曼光电科技股份有限公司_2025_284b98bc8db7.pdf,深圳雷曼光电科技股份有限公司,CN:300162,年报,2025,未标特别版本,PDF,3360971,284b98bc8db75dae584a55777c61312970a3003235a97f5ad0b161d96e0744be,已核验：标题页/前4页
reports/annual/2025/深圳震有科技股份有限公司_2025_05d76b04ff5c.pdf,深圳震有科技股份有限公司,CN:688418,年报,2025,未标特别版本,PDF,1636242,05d76b04ff5c8793a322cd70d71c0fa98e27c90b83b0596b1e0d4cb6d9f34808,已核验：标题页/前4页
reports/annual/2025/深圳顺络电子股份有限公司_2025_50578bf3a17e.pdf,深圳顺络电子股份有限公司,CN:002138,年报,2025,未标特别版本,PDF,2279887,50578bf3a17ef8e3c332017b85c09abb647ce2c9947935e7d02e27e67c236f5e,已核验：标题页/前4页
reports/annual/2023/温州意华接插件股份有限公司_2023_bb37b48ac04c.pdf,温州意华接插件股份有限公司,CN:002897,年报,2023,未标特别版本,PDF,5533824,bb37b48ac04c87a3197d1431a7989effee43fe21ed473f00893f66ed181fa95f,已核验：标题页/前4页
reports/annual/2024/温州意华接插件股份有限公司_2024_7f9efcc2b787.pdf,温州意华接插件股份有限公司,CN:002897,年报,2024,未标特别版本,PDF,5809330,7f9efcc2b7873751b587c827aa6808f62b645c6822b20d4beb31efa33d63bfc8,已核验：标题页/前4页
reports/annual/2025/温州意华接插件股份有限公司_2025_5e136d917145.pdf,温州意华接插件股份有限公司,CN:002897,年报,2025,未标特别版本,PDF,5822089,5e136d9171459e9953125064d48063e3efbc4ab936d5ecac7a715a86f373b1b9,已核验：标题页/前4页
reports/annual/2025/湖北东田微科技股份有限公司_2025_ebfc1d643dd9.pdf,湖北东田微科技股份有限公司,CN:301183,年报,2025,未标特别版本,PDF,1197709,ebfc1d643dd9413e624eb552def32686442e820139ad06cbbb779bb148c6901d,已核验：标题页/前4页
reports/annual/2025/湖北久量股份有限公司_2025_d127f2d6eb5a.pdf,湖北久量股份有限公司,CN:300808,年报,2025,未标特别版本,PDF,1559795,d127f2d6eb5adf21aaf5547788ead7964e5d86edb2a37569eab3d2f19c51afed,已核验：标题页/前4页
reports/annual/2025/湖北五方光电股份有限公司_2025_0ab0b4f3508d.pdf,湖北五方光电股份有限公司,CN:002962,年报,2025,未标特别版本,PDF,2833001,0ab0b4f3508d51d52e5869c845f1d683b1d93a2296243a2bd82e12da4d7a093b,已核验：标题页/前4页
reports/annual/2025/湖北台基半导体股份有限公司_2025_d9af44b50cab.pdf,湖北台基半导体股份有限公司,CN:300046,年报,2025,未标特别版本,PDF,1945620,d9af44b50cabde2ab0cce441d62b6535d8d157e05f4bae1a05245a91b3844c48,已核验：标题页/前4页
reports/annual/2025/湖北戈碧迦光电科技股份有限公司_2025_a60372ffc22b.pdf,湖北戈碧迦光电科技股份有限公司,CN:920438,年报,2025,未标特别版本,PDF,2137704,a60372ffc22b8bd4cca87adb8c09b8bf00298b2d62e35a4e22aa4c6189483dba,已核验：正文首页/前4页
reports/annual/2025/湖南国科微电子股份有限公司_2025_0c61cd391fee.pdf,湖南国科微电子股份有限公司,CN:300672,年报,2025,未标特别版本,PDF,1358030,0c61cd391fee666555db0e7b74934124925ca82a70e5abfbd217af40c325e1aa,已核验：标题页/前4页
reports/annual/2025/湖南艾华集团股份有限公司_2025_5a5c352e9375.pdf,湖南艾华集团股份有限公司,CN:603989,年报,2025,未标特别版本,PDF,2635547,5a5c352e9375aecdd3cf7c5ce3af6a35cdef962a7957445a1b375580aaafe397,已核验：标题页/前4页
reports/annual/2025/潮州三环(集团)股份有限公司_2025_4f2da7d6c590.pdf,潮州三环（集团）股份有限公司,CN:300408,年报,2025,未标特别版本,PDF,1383273,4f2da7d6c5905c053237981fd4e01b834c5df99ae00fe65fd14fee13436220e6,已核验：标题页/前4页
reports/annual/2025/澜起科技股份有限公司_2025_f443d9e6b46c.pdf,澜起科技股份有限公司,CN:688008,年报,2025,未标特别版本,PDF,3717668,f443d9e6b46c8b9136a59527442c465482404c170d43d697ef0bb12b9ee1535a,已核验：标题页/前4页
reports/annual/2025/灿芯半导体(上海)股份有限公司_2025_53488063bb26.pdf,灿芯半导体（上海）股份有限公司,CN:688691,年报,2025,未标特别版本,PDF,1863615,53488063bb26f1688f4d88552304d988ae19a5319e3969bb5e35504bddf29874,已核验：标题页/前4页
reports/annual/2025/炬芯科技股份有限公司_2025_f7324a4a3510.pdf,炬芯科技股份有限公司,CN:688049,年报,2025,未标特别版本,PDF,1985471,f7324a4a3510bd73e96457ba1e72591d7a6fbf981ba703df2dafb2d6365f1540,已核验：标题页/前4页
reports/annual/2023/烽火通信科技股份有限公司_2023_09e8bedaa70b.pdf,烽火通信科技股份有限公司,CN:600498,年报,2023,未标特别版本,PDF,6505707,09e8bedaa70b30406014953aad14c1d6fee2518ea0873eba1358a02b18872e73,已核验：标题页/前4页
reports/annual/2024/烽火通信科技股份有限公司_2024_631b72c68cc8.pdf,烽火通信科技股份有限公司,CN:600498,年报,2024,未标特别版本,PDF,1454275,631b72c68cc80a19214bc5bd24b6765c3b69bc9b9cccddcc4371b60df08232fb,已核验：标题页/前4页
reports/annual/2023/珠海光库科技股份有限公司_2023_0ae410a76b61.pdf,珠海光库科技股份有限公司,CN:300620,年报,2023,未标特别版本,PDF,4017525,0ae410a76b61d8850d72a7a08f80b99c0125c91f793178eeb01b03a2293710fc,已核验：标题页/前4页
reports/annual/2024/珠海光库科技股份有限公司_2024_b764394278ea.pdf,珠海光库科技股份有限公司,CN:300620,年报,2024,未标特别版本,PDF,4536732,b764394278ea29946243ec626ebd387f0ac434a812bebc89b64bd82b77fa2055,已核验：标题页/前4页
reports/annual/2025/珠海光库科技股份有限公司_2025_56c87800a667.pdf,珠海光库科技股份有限公司,CN:300620,年报,2025,未标特别版本,PDF,3756051,56c87800a667153637ac9f4811f8fd8ad73e9cdb35da6646c0db806ed2274567,已核验：标题页/前4页
reports/annual/2025/珠海全志科技股份有限公司_2025_d5e7fd64589c.pdf,珠海全志科技股份有限公司,CN:300458,年报,2025,未标特别版本,PDF,1214501,d5e7fd64589c08a69734650fbc14376d9c412d2b13b75c2eb486a89efc76f889,已核验：标题页/前4页
reports/annual/2025/珠海科瑞思科技股份有限公司_2025_c137f817df5a.pdf,珠海科瑞思科技股份有限公司,CN:301314,年报,2025,未标特别版本,PDF,1270984,c137f817df5a86bfb8967f24fe729a90036fb31887034a0e8e6bf7e0e68e634f,已核验：标题页/前4页
reports/annual/2025/珠海航宇微科技股份有限公司_2025_af9b336e924b.pdf,珠海航宇微科技股份有限公司,CN:300053,年报,2025,未标特别版本,PDF,1609566,af9b336e924ba233701a4e94d2527ce39c49a6916ca8afdc59c54a2a26662443,已核验：标题页/前4页
reports/annual/2024/瑞斯康达科技发展股份有限公司_2024_e4c584e3090b.pdf,瑞斯康达科技发展股份有限公司,CN:603803,年报,2024,未标特别版本,PDF,1151955,e4c584e3090b48ce487fe8db0c376bf956cbd845decb250bc0de0d90557b10d9,已核验：标题页/前4页
reports/annual/2025/瑞芯微电子股份有限公司_2025_68afb0e91ddc.pdf,瑞芯微电子股份有限公司,CN:603893,年报,2025,未标特别版本,PDF,1288262,68afb0e91ddc2d32527264460d752d3192d6424be045e52a50da0bb4d12338b2,已核验：标题页/前4页
reports/annual/2025/生益电子股份有限公司_2025_d34f3cb21de6.pdf,生益电子股份有限公司,CN:688183,年报,2025,未标特别版本,PDF,1684681,d34f3cb21de6e8fea2847cf3be972aa957069eea5889ba1de6474c23d856118e,已核验：正文首页/前4页
reports/annual/2025/甬矽电子(宁波)股份有限公司_2025_ee7a3b3ab477.pdf,甬矽电子（宁波）股份有限公司,CN:688362,年报,2025,未标特别版本,PDF,6016652,ee7a3b3ab47700fa54082767d7845df490faaaf06173bbfb532b4c3097220b76,已核验：标题页/前4页
reports/annual/2024/盛美半导体设备(上海)股份有限公司_2024_6db89e438ac1.pdf,盛美半导体设备（上海）股份有限公司,CN:688082,年报,2024,未标特别版本,PDF,4861350,6db89e438ac1c4affd979133df492e66262a74c6034c2b24be8355793823b2c4,已核验：标题页/前4页
reports/annual/2024/矽电半导体设备(深圳)股份有限公司_2024_995cd8e4a941.pdf,矽电半导体设备（深圳）股份有限公司,CN:301629,年报,2024,未标特别版本,PDF,3485229,995cd8e4a9413c732389e13b049dca19f08c5b8d5f924fa70e06f1625249e167,已核验：标题页/前4页
reports/annual/2025/矽电半导体设备(深圳)股份有限公司_2025_78ae552d2826.pdf,矽电半导体设备（深圳）股份有限公司,CN:301629,年报,2025,未标特别版本,PDF,3533300,78ae552d2826b778755258c347353bb43bcce0fdd6ee6055e5827c6e4616a31c,已核验：标题页/前4页
reports/annual/2025/神宇通信科技股份公司_2025_9c1a73274be2.pdf,神宇通信科技股份公司,CN:300563,年报,2025,未标特别版本,PDF,1269316,9c1a73274be2b08b0006d0b7ab7e9281d585f96a2ff73715e7f9e886ca367557,已核验：标题页/前4页
reports/annual/2025/福建实达集团股份有限公司_2025_a7c2e11e4f1c.pdf,福建实达集团股份有限公司,CN:600734,年报,2025,未标特别版本,PDF,3529406,a7c2e11e4f1c411e22f3cac668bd27a53cbe0c6d0fbc5f1414507b0ccc2b72c6,已核验：标题页/前4页
reports/annual/2025/福建星网锐捷通讯股份有限公司_2025_960a6bd64bfa.pdf,福建星网锐捷通讯股份有限公司,CN:002396,年报,2025,未标特别版本,PDF,4750089,960a6bd64bfad3abbd50faa002b031114258451e8e275ee61f49a88c3d78ec73,已核验：标题页/前4页
reports/annual/2025/福建福光股份有限公司_2025_7caaf66b1ac4.pdf,福建福光股份有限公司,CN:688010,年报,2025,未标特别版本,PDF,2288510,7caaf66b1ac419a588c5594ca15e6fe700472c29345e807caf0ed83ee5292779,已核验：标题页/前4页
reports/annual/2023/福建福晶科技股份有限公司_2023_9bc13829bb5c.pdf,福建福晶科技股份有限公司,CN:002222,年报,2023,未标特别版本,PDF,4163166,9bc13829bb5cdad331bdab422f7020007e7aa07202c4499d55def3ec12a8871f,已核验：标题页/前4页
reports/annual/2024/福建福晶科技股份有限公司_2024_4a9fad653742.pdf,福建福晶科技股份有限公司,CN:002222,年报,2024,未标特别版本,PDF,4649927,4a9fad6537425eea3e86e3c02a095944ed77bb6fa98c2882ae7100115af176a9,已核验：标题页/前4页
reports/annual/2025/福建福晶科技股份有限公司_2025_685323029c47.pdf,福建福晶科技股份有限公司,CN:002222,年报,2025,未标特别版本,PDF,1111709,685323029c478de9d139a63cf5e7cd5c1438df085834532588b3c29ada8175f4,已核验：标题页/前4页
reports/annual/2023/福建阿石创新材料股份有限公司_2023_0037b4a5d490.pdf,福建阿石创新材料股份有限公司,CN:300706,年报,2023,未标特别版本,PDF,1171241,0037b4a5d4901afbd2a4eeab6e5a99ab39e764695a0057cd62a84a1f9d6334b5,已核验：标题页/前4页
reports/annual/2024/福建阿石创新材料股份有限公司_2024_a85807bec6ab.pdf,福建阿石创新材料股份有限公司,CN:300706,年报,2024,未标特别版本,PDF,2970487,a85807bec6ab33929a46e89564cc3f29233fbb5183140326ea9a93544b75379c,已核验：标题页/前4页
reports/annual/2025/福建阿石创新材料股份有限公司_2025_4349e6c97700.pdf,福建阿石创新材料股份有限公司,CN:300706,年报,2025,未标特别版本,PDF,1336902,4349e6c97700f4952beb12be20b4e0fb87cf47cb298a1563138386a853d82946,已核验：标题页/前4页
reports/annual/2025/科大国盾量子技术股份有限公司_2025_66777688f4c9.pdf,科大国盾量子技术股份有限公司,CN:688027,年报,2025,未标特别版本,PDF,2003147,66777688f4c94e4c9b787c9946f4068265cde40d7c3924b07ab9b2af9845dfe4,已核验：标题页/前4页
reports/annual/2025/紫光国芯微电子股份有限公司_2025_c2d90db4496c.pdf,紫光国芯微电子股份有限公司,CN:002049,年报,2025,未标特别版本,PDF,3988854,c2d90db4496cb5822ed48a022e745a0cd446bbadc40ee4ee7362a3e907ee05de,已核验：标题页/前4页
reports/annual/2025/维信诺科技股份有限公司_2025_c2721642366c.pdf,维信诺科技股份有限公司,CN:002387,年报,2025,未标特别版本,PDF,1714704,c2721642366c8ad179890441c66e875c12fa47bd346c6da55fb381cea9adbd19,已核验：标题页/前4页
reports/annual/2023/罗博特科智能科技股份有限公司_2023_0a769afb6c69.pdf,罗博特科智能科技股份有限公司,CN:300757,年报,2023,未标特别版本,PDF,3396487,0a769afb6c69b98b0a79d0859da021dd4f6d418fbd93cf6ec636d6f834bf52d0,已核验：标题页/前4页
reports/annual/2024/罗博特科智能科技股份有限公司_2024_afebd6773777.pdf,罗博特科智能科技股份有限公司,CN:300757,年报,2024,未标特别版本,PDF,3613267,afebd6773777a5620320f480ad040e5ec8d90a33ab016effc2fcc7bdae4d7fd4,已核验：标题页/前4页
reports/annual/2025/罗博特科智能科技股份有限公司_2025_4cc8a148a14f.pdf,罗博特科智能科技股份有限公司,CN:300757,年报,2025,未标特别版本,PDF,1705541,4cc8a148a14fe3096054f72bf26d82f960b05f128785a9b960ab35f835afd9e9,已核验：标题页/前4页
reports/annual/2025/美格智能技术股份有限公司_2025_843b50aa73e1.pdf,美格智能技术股份有限公司,CN:002881,年报,2025,未标特别版本,PDF,1133137,843b50aa73e1bc3982152ace3f313be19fff252a33f5de8bf9a170d86dc53a94,已核验：标题页/前4页
reports/annual/2025/美芯晟科技(北京)股份有限公司_2025_bcf8b9c64e29.pdf,美芯晟科技（北京）股份有限公司,CN:688458,年报,2025,未标特别版本,PDF,2150067,bcf8b9c64e29ecbb8aaa6a5f76f7d26652a98e49e14ef3b9419f33aea06e3d43,已核验：标题页/前4页
reports/annual/2025/翰博高新材料(合肥)股份有限公司_2025_a505f60f74fc.pdf,翰博高新材料（合肥）股份有限公司,CN:301321,年报,2025,未标特别版本,PDF,2747025,a505f60f74fca6baa33e0dbd79a45e22a9472c9d4e972ff11e4c496aeda8fe33,已核验：标题页/前4页
reports/annual/2025/翱捷科技股份有限公司_2025_0ddcb6663924.pdf,翱捷科技股份有限公司,CN:688220,年报,2025,未标特别版本,PDF,1874791,0ddcb6663924f756430e892888a73e386493f518f928fe0415288036d163050e,已核验：标题页/前4页
reports/annual/2025/联创电子科技股份有限公司_2025_04811bf22895.pdf,联创电子科技股份有限公司,CN:002036,年报,2025,未标特别版本,PDF,1377006,04811bf228957d3734390e451e4dbd602e66bb67de711cfc6aa45d6bc10c67fb,已核验：标题页/前4页
reports/annual/2025/联芸科技(杭州)股份有限公司_2025_c0332508a0cd.pdf,联芸科技（杭州）股份有限公司,CN:688449,年报,2025,未标特别版本,PDF,1728415,c0332508a0cd74b2b0fe22e9b0e6dee78c6add26241ac47b5b0e33f6a56db93a,已核验：标题页/前4页
reports/annual/2025/聚灿光电科技股份有限公司_2025_b55305408722.pdf,聚灿光电科技股份有限公司,CN:300708,年报,2025,未标特别版本,PDF,3536092,b55305408722ec8a923b0cc59cf6669150f71c4647f2490aebd4a4253a69a795,已核验：标题页/前4页
reports/annual/2025/聚辰半导体股份有限公司_2025_b8799755cf6a.pdf,聚辰半导体股份有限公司,CN:688123,年报,2025,未标特别版本,PDF,1977813,b8799755cf6a4b24c0f5eab3658543d9c484974b2fa769a7097484d567794e4a,已核验：标题页/前4页
reports/annual/2025/胜业电气股份有限公司_2025_9d2eb94fd0d2.pdf,胜业电气股份有限公司,CN:920128,年报,2025,未标特别版本,PDF,3008359,9d2eb94fd0d2e8477c2c063e80804f5ba20b40d64cdfbb2cfb3b50c6f0ad3f88,已核验：正文首页/前4页
reports/annual/2025/胜宏科技(惠州)股份有限公司_2025_2d13d1746e8a.pdf,胜宏科技（惠州）股份有限公司,CN:300476,年报,2025,未标特别版本,PDF,1841498,2d13d1746e8a6fda8960201f8d5dc759de19f650d2b5db4a5c8082d5df197099,已核验：标题页/前4页
reports/annual/2023/腾景科技股份有限公司_2023_e8ca365c5e12.pdf,腾景科技股份有限公司,CN:688195,年报,2023,未标特别版本,PDF,4662044,e8ca365c5e1298fa29115f553627730b26104ba63b3594238b41f4bc9aae31f4,已核验：标题页/前4页
reports/annual/2024/腾景科技股份有限公司_2024_58c893fc1a35.pdf,腾景科技股份有限公司,CN:688195,年报,2024,未标特别版本,PDF,4392923,58c893fc1a356e89bfab7c394389d0eb0d966091ae0669a192b3df6c760331b4,已核验：标题页/前4页
reports/annual/2025/腾景科技股份有限公司_2025_4ffe494cdaf7.pdf,腾景科技股份有限公司,CN:688195,年报,2025,未标特别版本,PDF,1857091,4ffe494cdaf7d768bad7c5a29caf232ccb356c4d3997e01b2d83e120872a0e18,已核验：标题页/前4页
reports/annual/2025/芜湖长信科技股份有限公司_2025_4ce414b0cc6d.pdf,芜湖长信科技股份有限公司,CN:300088,年报,2025,未标特别版本,PDF,4551459,4ce414b0cc6d1464c76ce914a86e641cb5f050677393ab9ab16128a087603c42,已核验：标题页/前4页
reports/annual/2025/芯原微电子(上海)股份有限公司_2025_1d3b8e62acf5.pdf,芯原微电子（上海）股份有限公司,CN:688521,年报,2025,未标特别版本,PDF,2707014,1d3b8e62acf5089c041c28c397c86faee3ad939b47f75fbe5dd250389202994f,已核验：标题页/前4页
reports/annual/2025/芯海科技(深圳)股份有限公司_2025_3c07b51bad44.pdf,芯海科技（深圳）股份有限公司,CN:688595,年报,2025,未标特别版本,PDF,1758501,3c07b51bad44ff6c80756fc25a2425ef01dbdf97ee6542836ea28d7166f77093,已核验：正文首页/前4页
reports/annual/2025/芯联集成电路制造股份有限公司_2025_8984f053bc6c.pdf,芯联集成电路制造股份有限公司,CN:688469,年报,2025,未标特别版本,PDF,1653918,8984f053bc6cc6b33971e2ff0324493f2172cb6d74912a63308cadffeb1c3d9f,已核验：标题页/前4页
reports/annual/2023/苏州东山精密制造股份有限公司_2023_71f874430c0b.pdf,苏州东山精密制造股份有限公司,CN:002384,年报,2023,未标特别版本,PDF,3192457,71f874430c0b3a6aae094296791b9bc8c7b57ac647fcb72308a841e5edbeaff5,已核验：标题页/前4页
reports/annual/2024/苏州东山精密制造股份有限公司_2024_bc53c18cb5ed.pdf,苏州东山精密制造股份有限公司,CN:002384,年报,2024,未标特别版本,PDF,3596223,bc53c18cb5edccd39e9be40588eaf007f76d9afc53a635670e0c747d267292f5,已核验：标题页/前4页
reports/annual/2025/苏州东山精密制造股份有限公司_2025_fe246facade2.pdf,苏州东山精密制造股份有限公司,CN:002384,年报,2025,未标特别版本,PDF,3474062,fe246facade2909e87dafb8d3f027789491fb541714a57bffce0fb6b7fabc9e3,已核验：标题页/前4页
reports/annual/2025/苏州东微半导体股份有限公司_2025_568db86fef1b.pdf,苏州东微半导体股份有限公司,CN:688261,年报,2025,未标特别版本,PDF,1877109,568db86fef1b3a803c29c47828f8b13450507a7d4734760d1978c490812c0e17,已核验：标题页/前4页
reports/annual/2025/苏州华亚智能科技股份有限公司_2025_69d7d4d9d036.pdf,苏州华亚智能科技股份有限公司,CN:003043,年报,2025,未标特别版本,PDF,1595996,69d7d4d9d036b0d4edef5eacfe4144ccbfb7254e323047a1e63bf45e0ba78b48,已核验：正文首页/前4页
reports/annual/2025/苏州和林微纳科技股份有限公司_2025_ac9a93cc3824.pdf,苏州和林微纳科技股份有限公司,CN:688661,年报,2025,未标特别版本,PDF,1876475,ac9a93cc3824542d858861667c0b573c432b8efe6d3a02a37cf99e3a06ba30cd,已核验：标题页/前4页
reports/annual/2025/苏州国芯科技股份有限公司_2025_825dd1bb33aa.pdf,苏州国芯科技股份有限公司,CN:688262,年报,2025,未标特别版本,PDF,2259345,825dd1bb33aa6b92c6ba2e4459c6ce6e5d7e145c91aad8b63b8e5749e36e33e0,已核验：标题页/前4页
reports/annual/2024/苏州天准科技股份有限公司_2024_57aa5cd95501.pdf,苏州天准科技股份有限公司,CN:688003,年报,2024,未标特别版本,PDF,1839357,57aa5cd9550148c54f6e4f48c9953dd918adcb265cf4b379b3cc99aa5eac69f1,已核验：正文首页/前4页
reports/annual/2025/苏州天准科技股份有限公司_2025_ac93d7b7ebac.pdf,苏州天准科技股份有限公司,CN:688003,年报,2025,未标特别版本,PDF,1672477,ac93d7b7ebace7e889c7f7035317f468f0df6d9dc38918150565c80ebafbca7e,已核验：正文首页/前4页
reports/annual/2023/苏州天孚光通信股份有限公司_2023_0781dc909b86.pdf,苏州天孚光通信股份有限公司,CN:300394,年报,2023,未标特别版本,PDF,2482981,0781dc909b8610714f1abd226cfd52e519b63d96350aeef550bd9c8e42f2d2fd,已核验：标题页/前4页
reports/annual/2024/苏州天孚光通信股份有限公司_2024_b411f1cfbc22.pdf,苏州天孚光通信股份有限公司,CN:300394,年报,2024,未标特别版本,PDF,3688060,b411f1cfbc224f0d12c20a6df89cb0896ffd36b9b2b9f64377a897c2161a2e6c,已核验：标题页/前4页
reports/annual/2025/苏州天孚光通信股份有限公司_2025_969e5142ee75.pdf,苏州天孚光通信股份有限公司,CN:300394,年报,2025,未标特别版本,PDF,2317596,969e5142ee753b68e1f01c26e25215310d643dda43e4a25ae72bcc01f1265268,已核验：标题页/前4页
reports/annual/2025/苏州天禄光科技股份有限公司_2025_44a63eb6e1cf.pdf,苏州天禄光科技股份有限公司,CN:301045,年报,2025,未标特别版本,PDF,1490212,44a63eb6e1cfaa803f0ff6ef4c64603d9da69a4b03138c005750743be9a2b617,已核验：标题页/前4页
reports/annual/2025/苏州市世嘉科技股份有限公司_2025_265238fe68c1.pdf,苏州市世嘉科技股份有限公司,CN:002796,年报,2025,未标特别版本,PDF,1314666,265238fe68c108a20c73b9795dbe5539891eafe50397737ddffc04e4f29e0788,已核验：标题页/前4页
reports/annual/2025/苏州敏芯微电子技术股份有限公司_2025_3a9a88708a7f.pdf,苏州敏芯微电子技术股份有限公司,CN:688286,年报,2025,未标特别版本,PDF,1598946,3a9a88708a7f887e20128e9729b1bec4218f703956c99a106c4c76810ee31564,已核验：标题页/前4页
reports/annual/2025/苏州晶方半导体科技股份有限公司_2025_4b116cd48123.pdf,苏州晶方半导体科技股份有限公司,CN:603005,年报,2025,未标特别版本,PDF,1771928,4b116cd481236195e10ee5eb5180bf18f59e332912c4599ef587d1f5e9649d40,已核验：标题页/前4页
reports/annual/2025/苏州朗威电子机械股份有限公司_2025_ad74e80a00ce.pdf,苏州朗威电子机械股份有限公司,CN:301202,年报,2025,未标特别版本,PDF,1834601,ad74e80a00ce677f8a235285e33781041d09fc59b7cf57da38fb751f415fe1bb,已核验：标题页/前4页
reports/annual/2025/苏州清越光电科技股份有限公司_2025_cde25d661f01.pdf,苏州清越光电科技股份有限公司,CN:688496,年报,2025,未标特别版本,PDF,1672715,cde25d661f01aeacc42e1c9bc219f4f9e32c962d8753e8da610034eb3bf8d519,已核验：标题页/前4页
reports/annual/2025/苏州珂玛材料科技股份有限公司_2025_b1cf883f08c2.pdf,苏州珂玛材料科技股份有限公司,CN:301611,年报,2025,未标特别版本,PDF,7083004,b1cf883f08c2850e2d1a80a2430ec523f176c48bdcb333b7fc0b41aa5cf8b673,已核验：标题页/前4页
reports/annual/2025/苏州盛科通信股份有限公司_2025_6679149a6c9c.pdf,苏州盛科通信股份有限公司,CN:688702,年报,2025,未标特别版本,PDF,1404271,6679149a6c9c37f25afac2f3aba77512a4bb9e28a3d1601595e7d33a5d80b619,已核验：标题页/前4页
reports/annual/2025/苏州纳芯微电子股份有限公司_2025_f16dbee97984.pdf,苏州纳芯微电子股份有限公司,CN:688052,年报,2025,未标特别版本,PDF,2054930,f16dbee9798440cac4dd17189ef3db03cbcf7284cde6ef6f6915451c30fe935e,已核验：标题页/前4页
reports/annual/2025/苏州苏大维格科技集团股份有限公司_2025_4878bbcfd494.pdf,苏州苏大维格科技集团股份有限公司,CN:300331,年报,2025,未标特别版本,PDF,6063981,4878bbcfd4948552e8bdcbb15e659aa9b7b3e8524b39bf8802930537effb505e,已核验：标题页/前4页
reports/annual/2025/苏州锴威特半导体股份有限公司_2025_17390d7e9b10.pdf,苏州锴威特半导体股份有限公司,CN:688693,年报,2025,未标特别版本,PDF,1693866,17390d7e9b10dc88a3047b6ba3c4e2323d91442df4df29cbeb871feb0634e7fd,已核验：标题页/前4页
reports/annual/2023/苏州长光华芯光电技术股份有限公司_2023_9dbde741d026.pdf,苏州长光华芯光电技术股份有限公司,CN:688048,年报,2023,未标特别版本,PDF,6504720,9dbde741d026f59d1a2e3837493ae016e10ce07551c5a9acb63b2120a1f16c27,已核验：标题页/前4页
reports/annual/2024/苏州长光华芯光电技术股份有限公司_2024_1b158c1d9768.pdf,苏州长光华芯光电技术股份有限公司,CN:688048,年报,2024,未标特别版本,PDF,1647097,1b158c1d9768ec3055317869786fd89de7cb4067a1a16a73a20baf944402a7ab,已核验：标题页/前4页
reports/annual/2025/苏州长光华芯光电技术股份有限公司_2025_befd855f05a3.pdf,苏州长光华芯光电技术股份有限公司,CN:688048,年报,2025,未标特别版本,PDF,1497904,befd855f05a3b82a6b45c0411035d69be232a5cc1b50bee4b2b1326007475df7,已核验：标题页/前4页
reports/annual/2025/英飞特电子(杭州)股份有限公司_2025_c29582b74739.pdf,英飞特电子（杭州）股份有限公司,CN:300582,年报,2025,未标特别版本,PDF,5354108,c29582b74739c4d17659d996724c0f32e516cf4330b5c6fab23d92c5863b9af3,已核验：标题页/前4页
reports/annual/2025/蘅东光通讯技术(深圳)股份有限公司_2025_77eba3563489.pdf,蘅东光通讯技术（深圳）股份有限公司,CN:920045,年报,2025,未标特别版本,PDF,2510851,77eba35634895ea3f92b1fb2eff913ba865abbbe0a15ac766b610db824ba08be,已核验：正文首页/前4页
reports/annual/2025/裕太微电子股份有限公司_2025_c912d2565a07.pdf,裕太微电子股份有限公司,CN:688515,年报,2025,未标特别版本,PDF,3238517,c912d2565a07173917349905c9ae4178dd905ed231d02cc09fcc89089d53cd57,已核验：标题页/前4页
reports/annual/2025/西安奕斯伟材料科技股份有限公司_2025_fadc41409e27.pdf,西安奕斯伟材料科技股份有限公司,CN:688783,年报,2025,未标特别版本,PDF,1668263,fadc41409e270306e517c0dc7a7e601c86065e78a79864bfdb4080b6e226c3fa,已核验：标题页/前4页
reports/annual/2025/西安派瑞功率半导体变流技术股份有限公司_2025_b2daaa8eafb8.pdf,西安派瑞功率半导体变流技术股份有限公司,CN:300831,年报,2025,未标特别版本,PDF,1156455,b2daaa8eafb8a51834cef3a8b7b0e48fbf626de368f011cf3a0356fdfbc79d79,已核验：标题页/前4页
reports/annual/2023/西安炬光科技股份有限公司_2023_66029a14771c.pdf,西安炬光科技股份有限公司,CN:688167,年报,2023,未标特别版本,PDF,5305312,66029a14771cd4f7fa38205d17bbccd2c9e174ea53a8c3773d553b7712257593,已核验：标题页/前4页
reports/annual/2024/西安炬光科技股份有限公司_2024_33350f48a42d.pdf,西安炬光科技股份有限公司,CN:688167,年报,2024,未标特别版本,PDF,2344925,33350f48a42de2f9d945ccfda6ca531da926ac54302dc5290c7ba6598190a012,已核验：标题页/前4页
reports/annual/2025/西安炬光科技股份有限公司_2025_3160fa0d960f.pdf,西安炬光科技股份有限公司,CN:688167,年报,2025,未标特别版本,PDF,2278942,3160fa0d960fb9515d98b660025af69eaac30e5779969272da35eb3808727199,已核验：标题页/前4页
reports/annual/2025/诚邦生态环境股份有限公司_2025_7d899f431359.pdf,诚邦生态环境股份有限公司,CN:603316,年报,2025,未标特别版本,PDF,1682757,7d899f431359ede81c97cd19c4e7d1d0cd889ce6ad5029380a7be945982ad9f0,已核验：标题页/前4页
reports/annual/2025/豪威集成电路(集团)股份有限公司_2025_00c9a0750c38.pdf,豪威集成电路（集团）股份有限公司,CN:603501,年报,2025,未标特别版本,PDF,4322696,00c9a0750c3866a9f9a7eb818a62f44f507007776c92415ea7b8b4837132d5a5,已核验：标题页/前4页
reports/annual/2025/贤丰控股股份有限公司_2025_a4bce73ba4d7.pdf,贤丰控股股份有限公司,CN:002141,年报,2025,未标特别版本,PDF,1194654,a4bce73ba4d7d89113f3bf5061eb474eb072a4ee619818f3474df2a3ec052db1,已核验：标题页/前4页
reports/annual/2025/赣州逸豪新材料股份有限公司_2025_7133928a7ecd.pdf,赣州逸豪新材料股份有限公司,CN:301176,年报,2025,未标特别版本,PDF,1188551,7133928a7ecd4db9eef2738b375acfb2850a15712138633d4fb2e7ce29126502,已核验：标题页/前4页
reports/annual/2025/超颖电子电路股份有限公司_2025_85c73274ad59.pdf,超颖电子电路股份有限公司,CN:603175,年报,2025,未标特别版本,PDF,1326746,85c73274ad5912cecbd4cc6b660c5386fbe8756c47356895ba803a99bb6e5ff7,已核验：标题页/前4页
reports/annual/2025/通富微电子股份有限公司_2025_b8225569b083.pdf,通富微电子股份有限公司,通富微电子股份有限公司,年报,2025,未标特别版本,PDF,1717256,b8225569b0838cc9806982204cbafbcf81fab5386af636f25cb0c59b735b7b65,已核验：标题页/前4页
reports/annual/2025/通鼎互联信息股份有限公司_2025_fea1951201e9.pdf,通鼎互联信息股份有限公司,CN:002491,年报,2025,未标特别版本,PDF,5473843,fea1951201e916407a8934974026fe90a021ec40b44da2388e321935055713b5,已核验：标题页/前4页
reports/annual/2025/金安国纪集团股份有限公司_2025_6ca90f53686e.pdf,金安国纪集团股份有限公司,CN:002636,年报,2025,未标特别版本,PDF,1166350,6ca90f53686e44311486454e847866e94f69000ec2b0f39e04203aa950563211,已核验：标题页/前4页
reports/annual/2025/金禄电子科技股份有限公司_2025_8c0d6dd8a631.pdf,金禄电子科技股份有限公司,CN:301282,年报,2025,未标特别版本,PDF,2091090,8c0d6dd8a631687b8543212ba65cc4cca5a35b242beafb3a0bd9d26df2ce8fc3,已核验：标题页/前4页
reports/annual/2025/钜泉光电科技(上海)股份有限公司_2025_f4b61553c062.pdf,钜泉光电科技（上海）股份有限公司,CN:688391,年报,2025,未标特别版本,PDF,1838732,f4b61553c062c21fded6c48981cfdfc5616a2cd0caa591acf1d1a8d2bcf75ab3,已核验：标题页/前4页
reports/annual/2025/钧崴电子科技股份有限公司_2025_b7d43176d81e.pdf,钧崴电子科技股份有限公司,CN:301458,年报,2025,未标特别版本,PDF,1305462,b7d43176d81ec1c4a796458e8d3a0443b9319e6ccb99c32f9f6759418d746b97,已核验：标题页/前4页
reports/annual/2025/锐捷网络股份有限公司_2025_2758f61c7a46.pdf,锐捷网络股份有限公司,CN:301165,年报,2025,未标特别版本,PDF,5177494,2758f61c7a467681c620157ec92b4964ad9cf042a7e693f4c2dc3f29735fb1b9,已核验：标题页/前4页
reports/annual/2025/锦州神工半导体股份有限公司_2025_03d3f3645934.pdf,锦州神工半导体股份有限公司,CN:688233,年报,2025,未标特别版本,PDF,1677061,03d3f36459343cf4efc0b294983aebfc246427505ce85977de5b103e0fe503ec,已核验：正文首页/前4页
reports/annual/2025/长沙景嘉微电子股份有限公司_2025_4246e2eb62cc.pdf,长沙景嘉微电子股份有限公司,CN:300474,年报,2025,未标特别版本,PDF,2304171,4246e2eb62ccf3448b4edec6acd0b0f02b8c1189dc771a9c0e7c4e263a1be4f7,已核验：标题页/前4页
reports/annual/2025/长沙景嘉微电子股份有限公司_2025_正式报告摘要_ffa540a399fd.pdf,长沙景嘉微电子股份有限公司,CN:300474,年报,2025,正式报告摘要,PDF,1106645,ffa540a399fd4d8f320431348a94b03985922f584818c703490e760ef818c605,已核验：标题页/前4页
reports/annual/2025/长芯博创科技股份有限公司_2025_9f2790d028a6.pdf,长芯博创科技股份有限公司,CN:300548,年报,2025,未标特别版本,PDF,1279228,9f2790d028a6e7f7799862a9b5c882070cad4554fd1de62dc95d86e04fbab92f,已核验：标题页/前4页
reports/annual/2025/长飞光纤光缆股份有限公司_2025_3e4a0601690b.pdf,长飞光纤光缆股份有限公司,CN:601869,年报,2025,未标特别版本,PDF,1504582,3e4a0601690b62de366cca1a8928680fd16d5451d094eafe76471f5147297202,已核验：标题页/前4页
reports/annual/2025/闻泰科技股份有限公司_2025_f75e14c5a005.pdf,闻泰科技股份有限公司,CN:600745,年报,2025,未标特别版本,PDF,3069163,f75e14c5a005bd27657e64b36ac5435d26d7a4f68dac7e472af42494d4c0fb70,已核验：正文首页/前4页
reports/annual/2023/陕西斯瑞新材料股份有限公司_2023_627b13ca8450.pdf,陕西斯瑞新材料股份有限公司,CN:688102,年报,2023,未标特别版本,PDF,4789515,627b13ca845080c312f6e78e23ccda0e4832eb3033b0acc033dc40fe4266ffa3,已核验：标题页/前4页
reports/annual/2024/陕西斯瑞新材料股份有限公司_2024_169e2eae83f5.pdf,陕西斯瑞新材料股份有限公司,CN:688102,年报,2024,未标特别版本,PDF,1614243,169e2eae83f5e1420c8028d6c8f5ca143b454732977d190890721b273fb8cdb2,已核验：标题页/前4页
reports/annual/2025/陕西斯瑞新材料股份有限公司_2025_1f0f0b7572ff.pdf,陕西斯瑞新材料股份有限公司,CN:688102,年报,2025,未标特别版本,PDF,1819792,1f0f0b7572ff57fb1afafb74545ef878c0336f116bdcaebe2cc2bc98fabc6ead,已核验：标题页/前4页
reports/annual/2023/陕西源杰半导体科技股份有限公司_2023_ebdc01afad8c.pdf,陕西源杰半导体科技股份有限公司,CN:688498,年报,2023,未标特别版本,PDF,4453109,ebdc01afad8c3a9a85435b3d9413185e2042a27c9575aac77345f2533ca6c55c,已核验：标题页/前4页
reports/annual/2024/陕西源杰半导体科技股份有限公司_2024_7083ee4e8460.pdf,陕西源杰半导体科技股份有限公司,CN:688498,年报,2024,未标特别版本,PDF,1495349,7083ee4e84601ace4d457876762cf80829b4be2a9c691d4e8702a5601f526936,已核验：标题页/前4页
reports/annual/2025/陕西源杰半导体科技股份有限公司_2025_a513c4e60068.pdf,陕西源杰半导体科技股份有限公司,CN:688498,年报,2025,未标特别版本,PDF,1547226,a513c4e60068e006161e139ed9b5501c809f9015f6b171cedb18cc1580f12630,已核验：标题页/前4页
reports/annual/2024/雙鴻科技股份有限公司_2024_47a0d49bddb5.pdf,雙鴻科技股份有限公司,雙鴻科技股份有限公司,年报,2024,未标特别版本,PDF,3663638,47a0d49bddb52c11bcc0d138d56165123bf99a7dfd1c8b3214976ce261f837ac,已核验：正文首页/前4页
reports/annual/2025/青岛东软载波科技股份有限公司_2025_a1f881b2b386.pdf,青岛东软载波科技股份有限公司,CN:300183,年报,2025,未标特别版本,PDF,1373705,a1f881b2b3860fbf1c2293860a6e2bfe01be9bcc5a63affe552319c3a5ed709d,已核验：标题页/前4页
reports/annual/2025/青岛鼎信通讯股份有限公司_2025_d0dfa099b46b.pdf,青岛鼎信通讯股份有限公司,CN:603421,年报,2025,未标特别版本,PDF,1248570,d0dfa099b46b3cf66aa1dad4c57c56c5dfa6e916da2a1543c9488afdd1c0f1fc,已核验：标题页/前4页
reports/annual/2025/高新兴科技集团股份有限公司_2025_a92887f28a83.pdf,高新兴科技集团股份有限公司,CN:300098,年报,2025,未标特别版本,PDF,2841504,a92887f28a832ae82eddcc0c6ef3d25db9091da032a28f7c5ea7700d8e529385,已核验：标题页/前4页
reports/annual/2025/鴻騰六零八八精密科技股份有限公司_2025_7b65c80909f8.pdf,鴻騰六零八八精密科技股份有限公司,鴻騰六零八八精密科技股份有限公司,年报,2025,未标特别版本,PDF,3033861,7b65c80909f82b8a90fc8cda8d07dd9b8f48625319a1b7a875936034e9c0daf3,已核验：标题页/前4页
reports/annual/2025/鸿利智汇集团股份有限公司_2025_46c0d4c5b547.pdf,鸿利智汇集团股份有限公司,CN:300219,年报,2025,未标特别版本,PDF,4914571,46c0d4c5b547828f00ca7ea27b2498d6d34f0fccd2dc6331b920791eaa6425b6,已核验：标题页/前4页
reports/annual/2025/鸿合科技股份有限公司_2025_caed681f3817.pdf,鸿合科技股份有限公司,CN:002955,年报,2025,未标特别版本,PDF,4088979,caed681f3817333cfc73e4bc46e49b6047a48b006d5a63246ceebdd54a1ac815,已核验：标题页/前4页
reports/annual/2025/鹏鼎控股(深圳)股份有限公司_2025_a4a9c9c02f84.pdf,鹏鼎控股（深圳）股份有限公司,CN:002938,年报,2025,未标特别版本,PDF,4063571,a4a9c9c02f8486c46ff0d1dcf5e28ee62a951e4f4b22cf0eb5176082dca624da,已核验：标题页/前4页
reports/annual/2025/龙芯中科技术股份有限公司_2025_eb8cf423ee31.pdf,龙芯中科技术股份有限公司,CN:688047,年报,2025,未标特别版本,PDF,1554545,eb8cf423ee31b77589b431abe395a84177b25a42893b70f9317262643cf52bb0,已核验：标题页/前4页
reports/annual/2025/龙迅半导体(合肥)股份有限公司_2025_b5e896e993c5.pdf,龙迅半导体（合肥）股份有限公司,CN:688486,年报,2025,未标特别版本,PDF,1827137,b5e896e993c539852d9e9f8f7a2bc5128412d3980a58f854d0193c124c3cace6,已核验：标题页/前4页
reports/prospectus/2026/中国科学院沈阳科学仪器股份有限公司_2026_正式披露稿_b6b077b24144.pdf,中国科学院沈阳科学仪器股份有限公司,CN:920186,招股说明书,2026,正式披露稿,PDF,7040672,b6b077b24144d1ce8b51bce37857aad9a6fba0d8ee01dcc751a21149fbdc50df,已核验：标题页/前12页
reports/prospectus/2026/北京康美特科技股份有限公司_2026_正式披露稿_f30cfb22b685.pdf,北京康美特科技股份有限公司,CN:920189,招股说明书,2026,正式披露稿,PDF,5994173,f30cfb22b685673bee52e809fc0d20ad18b204e2c15d5366e558313c05a8d95f,已核验：标题页/前12页
reports/prospectus/2026/惠科股份有限公司_2026_正式披露稿_21fa53e94d2b.pdf,惠科股份有限公司,惠科股份有限公司,招股说明书,2026,正式披露稿,PDF,11537151,21fa53e94d2bc1a7144cda23c645ca3090e556b94fd2f4e082d2f83356af5736,已核验：标题页/前12页
reports/prospectus/2026/托伦斯精密制造(江苏)股份有限公司_2026_正式披露稿_3d54f125f1d0.pdf,托伦斯精密制造（江苏）股份有限公司,托伦斯精密制造（江苏）股份有限公司,招股说明书,2026,正式披露稿,PDF,7600522,3d54f125f1d01ae0de5f7b80b8b4f44ba83261ef146a8944001f60e0237ddee1,已核验：标题页/前12页
reports/prospectus/2026/无锡创达新材料股份有限公司_2026_正式披露稿_1992504d19f3.pdf,无锡创达新材料股份有限公司,CN:920012,招股说明书,2026,正式披露稿,PDF,5980521,1992504d19f34d1c216f720fd396584bb944e727305dd8caf068ffa95ed769f4,已核验：标题页/前12页
reports/prospectus/2026/武汉长进光子技术股份有限公司_2026_正式披露稿_71eee1073cd0.pdf,武汉长进光子技术股份有限公司,武汉长进光子技术股份有限公司,招股说明书,2026,正式披露稿,PDF,6328641,71eee1073cd0a617f489d0f3def19fd52d2a1ec032404d55a9370139b4e39faa,已核验：标题页/前12页
reports/prospectus/2026/江西红板科技股份有限公司_2026_正式披露稿_429beee99b3b.pdf,江西红板科技股份有限公司,江西红板科技股份有限公司,招股说明书,2026,正式披露稿,PDF,12501060,429beee99b3b7e80e3026e181b18a11723ea8deaf95fcb3ad7e9f1341b4161ec,已核验：标题页/前12页
reports/prospectus/undated/河南仕佳光子科技股份有限公司_未核实(招股稿签署日期)_注册稿_b0dea35aaf33.pdf,河南仕佳光子科技股份有限公司,CN:688313,招股说明书,未核实（招股稿签署日期）,注册稿,PDF,13243797,b0dea35aaf33ab4974f78be1810bbb9a272335c508800b344295213e508fcf5c,已核验：标题页/前12页
reports/prospectus/2026/湖北龙辰科技股份有限公司_2026_正式披露稿_53e18562dea2.pdf,湖北龙辰科技股份有限公司,CN:920161,招股说明书,2026,正式披露稿,PDF,6040036,53e18562dea20b06da2246fd2d79cdf60c2eaaa10dceba312b815625757ad859,已核验：标题页/前12页
reports/prospectus/2026/盛合晶微半导体有限公司_2026_正式披露稿_84addb255bba.pdf,盛合晶微半导体有限公司,盛合晶微半导体有限公司,招股说明书,2026,正式披露稿,PDF,7746623,84addb255bbaaa016e35fb73c1637385e89b3d364398c29e89b7718a267b0bd3,已核验：标题页/前12页
reports/prospectus/undated/苏州猎奇智能设备股份有限公司_未核实(招股稿签署日期)_申报稿_25154f67da6f.pdf,苏州猎奇智能设备股份有限公司,苏州猎奇智能设备股份有限公司,招股说明书,未核实（招股稿签署日期）,申报稿,PDF,6296523,25154f67da6fbb046b8c90ef2842043f5fbeab7afc5d5568f6bc94536f804cd6,已核验：标题页/前12页
reports/prospectus/undated/苏州联讯仪器股份有限公司_未核实(招股稿签署日期)_申报稿_e2d523a4eeed.pdf,苏州联讯仪器股份有限公司,苏州联讯仪器股份有限公司,招股说明书,未核实（招股稿签署日期）,申报稿,PDF,7977268,e2d523a4eeede471780888c5bb8d9d15539cede9110eead51d8918910252da8f,已核验：标题页/前12页
reports/prospectus/2021/苏州长光华芯光电技术股份有限公司_2021_注册稿_4b42f7168f4d.pdf,苏州长光华芯光电技术股份有限公司,CN:688048,招股说明书,2021,注册稿,PDF,5640981,4b42f7168f4dd82d233d0f6744e594d37b46d36ed1804e0e786bcaba2b27d2f0,已核验：标题页/前12页
reports/prospectus/2026/视涯科技股份有限公司_2026_正式披露稿_7e8c46b713fa.pdf,视涯科技股份有限公司,视涯科技股份有限公司,招股说明书,2026,正式披露稿,PDF,8761772,7e8c46b713fadfc78ff276ceaa7c3fb87e268667ad1378a74277983adc855a97,已核验：标题页/前12页
reports/prospectus/2026/重庆臻宝科技股份有限公司_2026_正式披露稿_998e3dd38c67.pdf,重庆臻宝科技股份有限公司,重庆臻宝科技股份有限公司,招股说明书,2026,正式披露稿,PDF,7743018,998e3dd38c6703fc3728b59bb3d79c3544e5f05cbd1068eb08e1997031c3e0f3,已核验：标题页/前12页
reports/prospectus/undated/陕西源杰半导体科技股份有限公司_未核实(招股稿签署日期)_注册稿_c3b5cf101b03.pdf,陕西源杰半导体科技股份有限公司,CN:688498,招股说明书,未核实（招股稿签署日期）,注册稿,PDF,9790469,c3b5cf101b0333f993ac1fbae9dbbf387b7d7787e97aa6000441ae2db6975c49,已核验：标题页/前12页
